date,compound2
2013-01-01,-0.0056272727272727
2013-01-02,0.0188888888888888
2013-01-03,0.1025249999999999
2013-01-04,-0.0209
2013-01-05,0.0434777777777777
2013-01-06,0.0
2013-01-07,0.0489039999999999
2013-01-08,0.0438894736842105
2013-01-09,0.0662321428571428
2013-01-10,0.134168
2013-01-11,0.069364
2013-01-12,0.1748655172413793
2013-01-13,0.02125
2013-01-14,0.0
2013-01-15,0.0270695652173913
2013-01-16,0.133912
2013-01-17,0.0416418604651162
2013-01-18,0.101576923076923
2013-01-19,0.1318826086956522
2013-01-20,0.0338736842105263
2013-01-21,0.1374588235294117
2013-01-22,0.0379923076923076
2013-01-23,0.071036
2013-01-24,0.196859375
2013-01-25,0.1205823529411764
2013-01-26,0.0547727272727272
2013-01-27,0.0942607142857142
2013-01-28,0.105125
2013-01-29,0.0433684210526315
2013-01-30,0.0548777777777777
2013-01-31,0.0664520833333333
2013-02-01,0.088684375
2013-02-02,0.002651724137931
2013-02-03,0.0
2013-02-04,0.007391304347826
2013-02-05,0.0
2013-02-06,0.0039392523364485
2013-02-07,0.0
2013-02-08,0.0467893617021276
2013-02-09,0.0345068181818181
2013-02-10,0.0133333333333333
2013-02-11,0.018644
2013-02-12,0.0140567567567567
2013-02-13,0.0030190909090909
2013-02-14,0.0155071428571428
2013-02-15,0.0022443548387096
2013-02-16,0.0046040650406504
2013-02-17,0.0
2013-02-18,0.0303478260869565
2013-02-19,-0.0102926829268292
2013-02-20,-0.0162880952380952
2013-02-21,0.0071791666666666
2013-02-22,0.0150890243902439
2013-02-23,0.0059960629921259
2013-02-24,0.010105625
2013-02-25,-0.0002078431372549
2013-02-26,0.0067673758865248
2013-02-27,0.0035023148148148
2013-02-28,0.0043590643274853
2013-03-01,0.006817094017094
2013-03-02,-0.0130382352941176
2013-03-03,0.0112716417910447
2013-03-04,0.0076613333333333
2013-03-05,0.0031086206896551
2013-03-06,0.0004863247863247
2013-03-07,-0.0111777777777777
2013-03-08,-0.0017543209876543
2013-03-09,0.0186780487804878
2013-03-10,0.0146164285714285
2013-03-11,0.0056893129770992
2013-03-12,0.0214727810650887
2013-03-13,-0.0143929078014184
2013-03-14,-0.0052648936170212
2013-03-15,0.0149389380530973
2013-03-16,0.0505
2013-03-17,-0.0069110169491525
2013-03-18,-0.005416806722689
2013-03-19,-0.0265388059701492
2013-03-20,0.0275882352941176
2013-03-21,-0.0804355555555555
2013-03-22,0.0101538461538461
2013-03-23,-0.0173571428571428
2013-03-24,-0.033090909090909
2013-03-25,0.0138061538461538
2013-03-26,0.0094451476793248
2013-03-27,0.007803488372093
2013-03-28,0.0030968944099378
2013-03-29,0.0100622222222222
2013-03-30,0.0153634615384615
2013-03-31,0.0077597484276729
2013-04-01,0.025335606060606
2013-04-02,0.0013411042944785
2013-04-03,0.0300698113207547
2013-04-04,0.0022469879518072
2013-04-05,-0.0166605882352941
2013-04-06,-0.0202405063291139
2013-04-07,-0.01206
2013-04-08,-0.0105693693693693
2013-04-09,0.0081694630872483
2013-04-10,-0.004128650137741
2013-04-11,-0.0048929824561403
2013-04-12,-0.006341369047619
2013-04-13,-0.0106376453488372
2013-04-14,-0.0102292207792207
2013-04-15,-0.0054838345864661
2013-04-16,-0.0192815718157181
2013-04-17,-0.0071006622516556
2013-04-18,-0.0081689075630252
2013-04-19,0.0006408396946564
2013-04-20,-0.0089879310344827
2013-04-21,-0.0033632996632996
2013-04-22,-0.0040446202531645
2013-04-23,0.001196676300578
2013-04-24,0.1311568115942029
2013-04-25,0.1376747838616714
2013-04-26,0.4949557692307693
2013-04-27,0.4732324543610548
2013-04-28,0.4898924205378973
2013-04-29,0.4700940409683427
2013-04-30,0.4777916239316239
2013-05-01,0.5879024154589372
2013-05-02,0.5310635607321131
2013-05-03,0.5521624
2013-05-04,0.5595818923327895
2013-05-05,0.6014855263157896
2013-05-06,0.5561252144607843
2013-05-07,0.5816278629856851
2013-05-08,0.5596614341085271
2013-05-09,0.5118464935064935
2013-05-10,0.45855
2013-05-11,-0.0081561320754716
2013-05-12,-0.0066059523809523
2013-05-13,0.2039664974619289
2013-05-14,0.521712543554007
2013-05-15,0.6138148936170214
2013-05-16,0.5654499124343259
2013-05-17,0.5083991525423729
2013-05-18,0.3100829431438127
2013-05-19,0.3099750889679715
2013-05-20,0.4058586301369863
2013-05-21,0.2890667896678967
2013-05-22,0.4569442080378251
2013-05-23,0.3524298192771085
2013-05-24,0.4821398888888889
2013-05-25,0.3950809941520468
2013-05-26,0.3579183673469387
2013-05-27,0.3897663656884876
2013-05-28,0.4865829591836735
2013-05-29,0.5170345794392524
2013-05-30,0.4798410319410319
2013-05-31,0.3810414925373134
2013-06-01,0.2984478306878307
2013-06-02,0.4625855626326964
2013-06-03,0.3906157142857143
2013-06-04,0.3816687817258883
2013-06-05,0.5003821888412017
2013-06-06,0.362381948051948
2013-06-07,0.440572572815534
2013-06-08,0.4306490981963928
2013-06-09,0.4519156643356644
2013-06-10,0.4209121621621621
2013-06-11,0.316438418079096
2013-06-12,0.0006554545454545
2013-06-13,-0.0090058365758754
2013-06-14,-0.0137803827751196
2013-06-15,-0.0027365671641791
2013-06-16,-0.0140094488188976
2013-06-17,-0.0133128630705394
2013-06-18,-0.0140018433179723
2013-06-19,-0.0507692307692307
2013-06-20,-0.0528358024691358
2013-06-21,-0.0394611111111111
2013-06-22,-9.12863070539428e-06
2013-06-23,-0.0077842364532019
2013-06-24,-0.0134063829787234
2013-06-25,-0.0182721374045801
2013-06-26,-0.0088159763313609
2013-06-27,-0.008521264367816
2013-06-28,-0.0086072289156626
2013-06-29,-0.0136271356783919
2013-06-30,-0.0167148717948717
2013-07-01,-0.0089156565656565
2013-07-02,-0.01104
2013-07-03,-0.0587080213903743
2013-07-04,-0.0203662650602409
2013-07-05,-0.0004968888888888
2013-07-06,-0.0127196428571428
2013-07-07,-0.013521875
2013-07-08,-0.0077073076923076
2013-07-09,-5.357142857142848e-05
2013-07-10,-0.0025743478260869
2013-07-11,-0.0104635135135135
2013-07-12,0.017941015625
2013-07-13,-0.0059924855491329
2013-07-14,-0.0148009302325581
2013-07-15,-0.026291
2013-07-16,-0.0271282511210762
2013-07-17,-0.0164209424083769
2013-07-18,-0.0228255319148936
2013-07-19,-0.0135431034482758
2013-07-20,-0.017038775510204
2013-07-21,-0.0263123188405797
2013-07-22,-0.0162631578947368
2013-07-23,-0.0074860655737704
2013-07-24,-0.0057229729729729
2013-07-25,-0.0009945578231292
2013-07-26,0.0026860139860139
2013-07-27,-0.0132494023904382
2013-07-28,-0.0127146341463414
2013-07-29,-0.0094135514018691
2013-07-30,-0.0083965686274509
2013-07-31,-0.0035897435897435
2013-08-01,-0.0080492753623188
2013-08-02,-0.0096982078853046
2013-08-03,-0.013825939849624
2013-08-04,-0.0084303501945525
2013-08-05,-0.0051585858585858
2013-08-06,-0.0057763779527559
2013-08-07,-0.0065256097560975
2013-08-08,-0.0114232954545454
2013-08-09,-0.0276835897435897
2013-08-10,0.0004803370786516
2013-08-11,-0.0081072625698324
2013-08-12,0.0031686813186813
2013-08-13,-0.0131464968152866
2013-08-14,-0.0162045977011494
2013-08-15,-0.0103924999999999
2013-08-16,-0.0102757990867579
2013-08-17,-0.0119151785714285
2013-08-18,-0.0125067796610169
2013-08-19,-0.0099441964285714
2013-08-20,-0.0130244791666666
2013-08-21,-0.0166584362139917
2013-08-22,-0.0065445993031358
2013-08-23,-0.0079481981981981
2013-08-24,0.0036226804123711
2013-08-25,0.0003744505494505
2013-08-26,-0.0114520710059171
2013-08-27,-0.0140735682819383
2013-08-28,-0.0169781376518218
2013-08-29,0.0093224598930481
2013-08-30,-0.0058187192118226
2013-08-31,-0.0110935294117647
2013-09-01,-0.0093060439560439
2013-09-02,-0.0070272
2013-09-03,-0.0171694029850746
2013-09-04,-0.008035838150289
2013-09-05,0.0040882352941176
2013-09-06,-0.0086943548387096
2013-09-07,-0.0097656934306569
2013-09-08,-0.0251833333333333
2013-09-09,-0.0245811023622047
2013-09-10,-0.0065211111111111
2013-09-11,-0.0287673913043478
2013-09-12,0.1372552486187845
2013-09-13,-0.0040895833333333
2013-09-14,-0.0150464788732394
2013-09-15,-0.0172280821917808
2013-09-16,-0.0120739130434782
2013-09-17,-0.0174455621301775
2013-09-18,-0.0084531468531468
2013-09-19,-0.0318666666666666
2013-09-20,-0.0221659574468085
2013-09-21,-0.0105715909090909
2013-09-22,-0.0140131979695431
2013-09-23,-0.0095788546255506
2013-09-24,-0.0200204301075268
2013-09-25,-0.0205213483146067
2013-09-26,-0.0152511961722488
2013-09-27,-0.0073459893048128
2013-09-28,-0.0081972067039106
2013-09-29,-0.0052572115384615
2013-09-30,-0.0148046153846153
2013-10-01,-0.0019196
2013-10-02,0.002357037037037
2013-10-03,0.0426694524495677
2013-10-04,0.0467330097087378
2013-10-05,0.081103488372093
2013-10-06,0.045350909090909
2013-10-07,0.0278980988593155
2013-10-08,0.061553629032258
2013-10-09,0.05721171875
2013-10-10,0.0397282407407407
2013-10-11,0.0845004504504504
2013-10-12,0.1045824267782426
2013-10-13,0.0496338983050847
2013-10-14,0.0374609195402298
2013-10-15,0.026904923076923
2013-10-16,0.0716541076487252
2013-10-17,0.0689314641744548
2013-10-18,0.042024907063197
2013-10-19,0.0354606153846153
2013-10-20,0.0489553691275167
2013-10-21,0.0523412121212121
2013-10-22,0.0614941176470588
2013-10-23,0.0656509202453987
2013-10-24,0.0500208633093525
2013-10-25,0.0256865853658536
2013-10-26,0.0571007633587786
2013-10-27,0.0832031073446327
2013-10-28,0.0351614840989399
2013-10-29,0.0508431654676259
2013-10-30,0.0676687150837988
2013-10-31,0.0384233918128655
2013-11-01,0.0680369680851063
2013-11-02,0.0552391304347826
2013-11-03,0.0687300940438871
2013-11-04,0.0465120987654321
2013-11-05,0.0488563549160671
2013-11-06,0.0410832098765432
2013-11-07,0.0505759305210918
2013-11-08,0.046841968911917
2013-11-09,0.0475799410029498
2013-11-10,0.0668587431693989
2013-11-11,0.0423520833333333
2013-11-12,0.0603351744186046
2013-11-13,0.0371316397228637
2013-11-14,0.0401074812967581
2013-11-15,-0.0101397476340694
2013-11-16,-0.0082935064935064
2013-11-17,-0.0080385852090032
2013-11-18,-0.0085850951374207
2013-11-19,-0.0076810061601642
2013-11-20,0.0071706172839506
2013-11-21,0.1028810650887574
2013-11-22,0.0839998497854077
2013-11-23,0.119656102003643
2013-11-24,0.1553424576271186
2013-11-25,0.1467551937984496
2013-11-26,0.1477520771513353
2013-11-27,0.1307678484107579
2013-11-28,0.1088406950672645
2013-11-29,0.1017622369878183
2013-11-30,0.1057980728051392
2013-12-01,0.0573557450628366
2013-12-02,0.0585835755813953
2013-12-03,0.0671165460186142
2013-12-04,0.0675366132723112
2013-12-05,0.0670667444574095
2013-12-06,0.0635163377192982
2013-12-07,0.0760106519742883
2013-12-08,0.0725143531633616
2013-12-09,0.087394154676259
2013-12-10,0.0864570240295748
2013-12-11,0.0986729919678714
2013-12-12,0.0891194164989939
2013-12-13,0.0635532008830022
2013-12-14,0.0691502378121284
2013-12-15,0.0630246122026887
2013-12-16,0.0587762054507337
2013-12-17,0.0610652505446623
2013-12-18,0.0335352272727272
2013-12-19,0.0433987025948103
2013-12-20,0.0843048695652174
2013-12-21,0.1085016577540106
2013-12-22,0.103304418344519
2013-12-23,0.0878939328277356
2013-12-24,0.1071561037639877
2013-12-25,0.0918555879494655
2013-12-26,0.0963141538461538
2013-12-27,0.0956314475025484
2013-12-28,0.0963236656596173
2013-12-29,0.1018493567251462
2013-12-30,0.1019046964490263
2013-12-31,0.0951894329896907
2014-01-01,0.0904765159867695
2014-01-02,0.098295282051282
2014-01-03,0.084645496009122
2014-01-04,0.073861301369863
2014-01-05,0.0738521608040201
2014-01-06,0.1023304022450888
2014-01-07,0.0999606237816764
2014-01-08,0.1123569849246231
2014-01-09,0.1044969743589743
2014-01-10,0.1028262032085561
2014-01-11,0.1044211186113789
2014-01-12,0.0937536692223439
2014-01-13,0.0940586760280842
2014-01-14,0.1102811902231668
2014-01-15,0.1170037628278221
2014-01-16,0.1206979166666666
2014-01-17,0.0845481852315394
2014-01-18,0.0653445714285714
2014-01-19,0.1129605072463768
2014-01-20,0.0976458100558659
2014-01-21,0.0795608497723824
2014-01-22,0.1007396551724138
2014-01-23,0.0965421750663129
2014-01-24,0.0824049338146811
2014-01-25,0.0881466571834992
2014-01-26,0.0716758793969849
2014-01-27,0.0829780856423173
2014-01-28,0.0803479578392622
2014-01-29,0.0239589134125636
2014-01-30,0.0934170134638922
2014-01-31,0.0929245922208281
2014-02-01,0.1187035161744022
2014-02-02,0.1033373408769448
2014-02-03,0.0856109843081312
2014-02-04,0.0938085043988269
2014-02-05,0.0793676436107854
2014-02-06,0.0747288461538461
2014-02-07,0.0841485405405405
2014-02-08,0.0766748863636363
2014-02-09,0.0799248477466504
2014-02-10,0.0764569841269841
2014-02-11,0.0451611486486486
2014-02-12,0.0519572739187418
2014-02-13,0.0442221928665786
2014-02-14,0.0452685912240184
2014-02-15,0.048027695800227
2014-02-16,0.0392606847697756
2014-02-17,0.0428427130044843
2014-02-18,0.040906
2014-02-19,0.0462322674418604
2014-02-20,0.0552815649867374
2014-02-21,0.0476096541786743
2014-02-22,0.0485085106382978
2014-02-23,0.0478485481997677
2014-02-24,0.0527029126213592
2014-02-25,0.0318384972170686
2014-02-26,0.0895848484848484
2014-02-27,0.0723143884892086
2014-02-28,0.073079392971246
2014-03-01,0.0552060162601626
2014-03-02,0.0638029556650246
2014-03-03,0.0581613363363363
2014-03-04,0.0580667613636363
2014-03-05,0.0767196917808219
2014-03-06,0.0803637168141593
2014-03-07,0.0751926829268292
2014-03-08,0.0845621716287215
2014-03-09,0.0641829044117647
2014-03-10,0.0860937198067633
2014-03-11,0.0754343089430894
2014-03-12,0.1199531034482758
2014-03-13,0.0969697305863708
2014-03-14,0.0636640601503759
2014-03-15,0.098983275261324
2014-03-16,0.1422
2014-03-17,0.1019952127659574
2014-03-18,0.0908399323181049
2014-03-19,0.1133835637480798
2014-03-20,0.0720551724137931
2014-03-21,0.0849320448877805
2014-03-22,0.0803204301075268
2014-03-23,0.0924377742946708
2014-03-24,0.0773578260869565
2014-03-25,0.0785113712374582
2014-03-26,0.0601877388535031
2014-03-27,0.0759844551282051
2014-03-28,0.0717574955908289
2014-03-29,0.0866906844106463
2014-03-30,0.0934127737226277
2014-03-31,0.1343910169491525
2014-04-01,0.1190866666666666
2014-04-02,0.0977104288499025
2014-04-03,0.0957377289377289
2014-04-04,0.0936821428571428
2014-04-05,0.1313152920962199
2014-04-06,0.0602295681063122
2014-04-07,0.1112991023339317
2014-04-08,0.0893659504132231
2014-04-09,0.0770766355140187
2014-04-10,0.0633152066115702
2014-04-11,0.0986920068027211
2014-04-12,0.0975805118110236
2014-04-13,0.0845923076923076
2014-04-14,0.0742324812030075
2014-04-15,0.0837723338485317
2014-04-16,0.0739345272206303
2014-04-17,0.08473125
2014-04-18,0.0764465189873417
2014-04-19,0.0773160796324655
2014-04-20,0.0723922590837282
2014-04-21,0.0602233566433566
2014-04-22,0.0755872919818456
2014-04-23,0.0590412060301507
2014-04-24,0.0588913742690058
2014-04-25,0.0567218236173393
2014-04-26,0.0503340640809443
2014-04-27,0.0645356343283582
2014-04-28,0.0522105610561056
2014-04-29,0.0627703645007923
2014-04-30,0.0737878009630818
2014-05-01,0.0528828642384106
2014-05-02,0.042151201478743
2014-05-03,0.0457602112676056
2014-05-04,0.0849610486891385
2014-05-05,0.0613879943502824
2014-05-06,0.0957457290132548
2014-05-07,0.0759144904458598
2014-05-08,0.0634152905198776
2014-05-09,0.0722840722495894
2014-05-10,0.065377265625
2014-05-11,0.0665642578125
2014-05-12,0.0692027397260274
2014-05-13,0.078207966457023
2014-05-14,0.0844103130755064
2014-05-15,0.1031518095238095
2014-05-16,0.0903512
2014-05-17,0.09216953125
2014-05-18,0.0959181117533718
2014-05-19,0.082325641025641
2014-05-20,0.0649898176291793
2014-05-21,0.038975652173913
2014-05-22,0.0699209627329192
2014-05-23,0.0706259878419452
2014-05-24,0.0972710823909531
2014-05-25,0.0716732330827067
2014-05-26,0.0849908430232558
2014-05-27,0.0659843251088534
2014-05-28,0.0558606331168831
2014-05-29,0.0838153982300884
2014-05-30,0.0802256578947368
2014-05-31,0.0646340384615384
2014-06-01,0.1005218411552346
2014-06-02,0.0750514237855946
2014-06-03,0.0898307471264368
2014-06-04,0.0825078859060402
2014-06-05,0.078805376344086
2014-06-06,0.08028304
2014-06-07,0.0605979310344827
2014-06-08,0.0766483870967741
2014-06-09,0.0702013305322128
2014-06-10,0.0872228163992869
2014-06-11,0.0757482529118136
2014-06-12,0.0625472899728997
2014-06-13,0.0645058139534883
2014-06-14,0.0721481873111782
2014-06-15,0.0755289355322338
2014-06-16,0.0745255349500713
2014-06-17,0.0707714809384164
2014-06-18,0.0672999263622975
2014-06-19,0.091026307922272
2014-06-20,0.1182191800878477
2014-06-21,0.0897666228646517
2014-06-22,0.1090735294117647
2014-06-23,0.1054912356321839
2014-06-24,0.1161143467643467
2014-06-25,0.1323156156156156
2014-06-26,0.1237773524720893
2014-06-27,0.0990420204978038
2014-06-28,0.0949529492455418
2014-06-29,0.1037128728414442
2014-06-30,0.0886533587786259
2014-07-01,0.0940196620583717
2014-07-02,0.0805429618768328
2014-07-03,0.0660127041742286
2014-07-04,0.0695899833055091
2014-07-05,0.0853786150712831
2014-07-06,0.0768639763779527
2014-07-07,0.1032005076142132
2014-07-08,0.1107146919431279
2014-07-09,0.1089158333333333
2014-07-10,0.0994068037974683
2014-07-11,0.0970536873156342
2014-07-12,0.1109599033816425
2014-07-13,0.0982060457516339
2014-07-14,0.12036688
2014-07-15,0.1293178187403993
2014-07-16,0.1362437956204379
2014-07-17,0.1090851332398317
2014-07-18,0.1122688665710186
2014-07-19,0.0696666083916083
2014-07-20,0.1095466666666666
2014-07-21,0.1062757909215956
2014-07-22,0.1099418679549114
2014-07-23,0.1273386612021858
2014-07-24,0.1053258015267175
2014-07-25,0.1219019366197183
2014-07-26,0.11243696
2014-07-27,0.1027730129390018
2014-07-28,0.1017302479338843
2014-07-29,0.1223657794676806
2014-07-30,0.1302827181208053
2014-07-31,0.1313739526411657
2014-08-01,0.1179427631578947
2014-08-02,0.1413370023419203
2014-08-03,0.140451572327044
2014-08-04,0.1217880566801619
2014-08-05,0.1113144599303136
2014-08-06,0.1111978300180831
2014-08-07,0.0757649425287356
2014-08-08,0.0869248840803709
2014-08-09,0.0912052123552123
2014-08-10,0.0673624060150376
2014-08-11,0.07568
2014-08-12,0.1016475319926873
2014-08-13,0.0987667185069984
2014-08-14,0.1469814447592068
2014-08-15,0.1499181603773584
2014-08-16,0.1491588295165394
2014-08-17,0.1470071114369501
2014-08-18,0.1305757057546145
2014-08-19,0.0989904452690167
2014-08-20,0.1193429618768328
2014-08-21,0.1045463073852295
2014-08-22,0.128934110787172
2014-08-23,0.1273948529411764
2014-08-24,0.1729456168831169
2014-08-25,0.1725834724540901
2014-08-26,0.1521619450317125
2014-08-27,0.1669695171026157
2014-08-28,0.1415520900321543
2014-08-29,0.2012374179431072
2014-08-30,0.1988648897058823
2014-08-31,0.2053372881355932
2014-09-01,0.1598822727272727
2014-09-02,0.1362776504297994
2014-09-03,0.1541965204236006
2014-09-04,0.1387363782051282
2014-09-05,0.187878916827853
2014-09-06,0.1573679927667269
2014-09-07,0.160131282051282
2014-09-08,0.195556463878327
2014-09-09,0.1965262472885032
2014-09-10,0.1395364224137931
2014-09-11,0.1641231292517007
2014-09-12,0.1442240259740259
2014-09-13,0.1905185968819599
2014-09-14,0.1137142506142506
2014-09-15,0.1208996420047732
2014-09-16,0.1213762711864406
2014-09-17,0.1288667549668874
2014-09-18,0.1360442222222222
2014-09-19,0.1225652953586498
2014-09-20,0.1304720173535792
2014-09-21,0.1329237529691211
2014-09-22,0.1031125101214575
2014-09-23,0.1391796645702306
2014-09-24,0.1497
2014-09-25,0.1383826086956522
2014-09-26,0.1704882113821138
2014-09-27,0.1893659013605442
2014-09-28,0.2186359913793103
2014-09-29,0.2010589590443686
2014-09-30,0.1579318888888889
2014-10-01,0.1617069192751235
2014-10-02,0.176427150084317
2014-10-03,0.1644495247148289
2014-10-04,0.132776220806794
2014-10-05,0.150340465116279
2014-10-06,0.1640470457902511
2014-10-07,0.1914011647254575
2014-10-08,0.1696263333333333
2014-10-09,0.1882430191972077
2014-10-10,0.1616401845637584
2014-10-11,0.225332427184466
2014-10-12,0.1937995041322314
2014-10-13,0.1115393236714975
2014-10-14,0.1851077548467792
2014-10-15,0.203140948275862
2014-10-16,0.208125
2014-10-17,0.2050973230490018
2014-10-18,0.1796887223974763
2014-10-19,0.1998745098039215
2014-10-20,0.1892882246376811
2014-10-21,0.1998483805668016
2014-10-22,0.2164989711934156
2014-10-23,0.2149909980430528
2014-10-24,0.2281400925925926
2014-10-25,0.2326910179640718
2014-10-26,0.2158369047619047
2014-10-27,0.1933045258620689
2014-10-28,0.2270760348583878
2014-10-29,0.2310245073375262
2014-10-30,0.2205834244080145
2014-10-31,0.2146910891089108
2014-11-01,0.2196115384615384
2014-11-02,0.1885474708171206
2014-11-03,0.1977986311239193
2014-11-04,0.1946955859969558
2014-11-05,0.1832547286821705
2014-11-06,0.1971493381468111
2014-11-07,0.1840355769230769
2014-11-08,0.2122525
2014-11-09,0.1451857142857142
2014-11-10,0.1958278656126482
2014-11-11,0.2129540695016003
2014-11-12,0.2071663535911602
2014-11-13,0.1826294585987261
2014-11-14,0.1902701589595375
2014-11-15,0.1986362406015037
2014-11-16,0.1721592715231788
2014-11-17,0.1504604105571847
2014-11-18,0.1954005464480874
2014-11-19,0.1852430131004366
2014-11-20,0.2029146153846154
2014-11-21,0.1870070588235294
2014-11-22,0.1869393759286775
2014-11-23,0.2022432606263982
2014-11-24,0.1832486356340288
2014-11-25,0.1814665517241379
2014-11-26,0.1808609374999999
2014-11-27,0.1940414739884393
2014-11-28,0.1658824367088607
2014-11-29,0.1796814024390244
2014-11-30,0.203202486678508
2014-12-01,0.2016172859450727
2014-12-02,0.1726493754879
2014-12-03,0.1835593314763231
2014-12-04,0.1564072122052704
2014-12-05,0.1402575260804769
2014-12-06,0.1546889632107023
2014-12-07,0.1673298898071625
2014-12-08,0.2051963525835866
2014-12-09,0.1881463863337713
2014-12-10,0.2007614241001565
2014-12-11,0.1876865757575757
2014-12-12,0.1652002542372881
2014-12-13,0.202157900172117
2014-12-14,0.2226467490494296
2014-12-15,0.2275048059149722
2014-12-16,0.1793141901931649
2014-12-17,0.1696499832214765
2014-12-18,0.1677509118541033
2014-12-19,0.1815389158576051
2014-12-20,0.1829203204047217
2014-12-21,0.1615115501519756
2014-12-22,0.1752370597738287
2014-12-23,0.1622006987577639
2014-12-24,0.1770940931780366
2014-12-25,0.1890736842105263
2014-12-26,0.1876473573573573
2014-12-27,0.1697867469879518
2014-12-28,0.1954995353159851
2014-12-29,0.2038013157894737
2014-12-30,0.1564102359346642
2014-12-31,0.1466903177004538
2015-01-01,0.118059587955626
2015-01-02,0.1884192439862543
2015-01-03,0.170774912891986
2015-01-04,0.1542289009497965
2015-01-05,0.1994564912280702
2015-01-06,0.2464826546003016
2015-01-07,0.2400686721991701
2015-01-08,0.2217200945626477
2015-01-09,0.1990240825688073
2015-01-10,0.1104354954954955
2015-01-11,0.1754985685071574
2015-01-12,0.1262731263383297
2015-01-13,0.1311025547445255
2015-01-14,0.1127261168384879
2015-01-15,0.1269198412698413
2015-01-16,0.1234764485981308
2015-01-17,0.1651896629213483
2015-01-18,0.1160887245841035
2015-01-19,0.0977723214285714
2015-01-20,0.1122223659889094
2015-01-21,0.1040917647058823
2015-01-22,0.1037612359550561
2015-01-23,0.1020157992565055
2015-01-24,0.1108773074661963
2015-01-25,0.1027361016949152
2015-01-26,0.1212157439446366
2015-01-27,0.1366215648854962
2015-01-28,0.1071260038240917
2015-01-29,0.1188597147950089
2015-01-30,0.1047477227722772
2015-01-31,0.1208589285714285
2015-02-01,0.161351656920078
2015-02-02,0.1129070921985815
2015-02-03,0.1498166666666666
2015-02-04,0.1275454044117647
2015-02-05,0.1140037698412698
2015-02-06,0.1286128361858191
2015-02-07,0.0780518518518518
2015-02-08,0.1051316883116883
2015-02-09,0.1046758695652173
2015-02-10,0.1475538461538461
2015-02-11,0.1222564864864864
2015-02-12,0.1082610752688172
2015-02-13,0.1183762731481481
2015-02-14,0.1398000909090909
2015-02-15,0.1482739436619718
2015-02-16,0.1768575815738963
2015-02-17,0.120511387163561
2015-02-18,0.1225788259958071
2015-02-19,0.1182004329004329
2015-02-20,0.0857348060344827
2015-02-21,0.1322177339901477
2015-02-22,0.0987579418344519
2015-02-23,0.0711367469879518
2015-02-24,0.1255169291338582
2015-02-25,0.113928285077951
2015-02-26,0.1208375647668393
2015-02-27,0.1177315521628498
2015-02-28,0.093451223628692
2015-03-01,0.0893731308411215
2015-03-02,0.1177632575757575
2015-03-03,0.1311703815261044
2015-03-04,0.1733675057208238
2015-03-05,0.1529514888337469
2015-03-06,0.1720074340527578
2015-03-07,0.1529301927194861
2015-03-08,0.2417607223476298
2015-03-09,0.1902487912087912
2015-03-10,0.1288828888888889
2015-03-11,0.1594402739726027
2015-03-12,0.1395777096114519
2015-03-13,0.1691379310344827
2015-03-14,0.1547398533007335
2015-03-15,0.1568449172576832
2015-03-16,0.1231357142857142
2015-03-17,0.1000238425925926
2015-03-18,0.1336952736318408
2015-03-19,0.1111573770491803
2015-03-20,0.1404502673796791
2015-03-21,0.1498149100257069
2015-03-22,0.2079183381088825
2015-03-23,0.130751282051282
2015-03-24,0.1575591836734693
2015-03-25,0.176380376344086
2015-03-26,0.2070077568134171
2015-03-27,0.2256404921700223
2015-03-28,0.2383705756929637
2015-03-29,0.2357754545454545
2015-03-30,0.2343607142857142
2015-03-31,0.2345374418604651
2015-04-01,0.2608656108597285
2015-04-02,0.264660487804878
2015-04-03,0.2367883886255924
2015-04-04,0.2552017738359202
2015-04-05,0.2284446280991735
2015-04-06,0.2248574242424242
2015-04-07,0.2209635265700483
2015-04-08,0.1714341389728096
2015-04-09,0.114354295532646
2015-04-10,0.1235222067039106
2015-04-11,0.0994311422413793
2015-04-12,0.1249901617250673
2015-04-13,0.1064109048723898
2015-04-14,0.1399723744292237
2015-04-15,0.1611956356736243
2015-04-16,0.2395501154734411
2015-04-17,0.1970109131403118
2015-04-18,0.2247451536643026
2015-04-19,0.2679452830188679
2015-04-20,0.2606484388185654
2015-04-21,0.222512751004016
2015-04-22,0.2408055434782608
2015-04-23,0.2229022975929978
2015-04-24,0.1817277876106194
2015-04-25,0.2298426229508197
2015-04-26,0.2101538461538461
2015-04-27,0.122746394984326
2015-04-28,0.2044633264462809
2015-04-29,0.2283229110512129
2015-04-30,0.1883833613445378
2015-05-01,0.1861291115311909
2015-05-02,0.1927989228007181
2015-05-03,0.2083979020979021
2015-05-04,0.2479726161369193
2015-05-05,0.2013577108433735
2015-05-06,0.2255397530864197
2015-05-07,0.1983028571428571
2015-05-08,0.1703104368932038
2015-05-09,0.2035686848635235
2015-05-10,0.234771602126044
2015-05-11,0.2175125835189309
2015-05-12,0.2177561797752809
2015-05-13,0.1420067532467532
2015-05-14,0.0700049242424242
2015-05-15,0.0975061776061776
2015-05-16,0.1741299727520436
2015-05-17,0.1331824074074074
2015-05-18,0.1305923832923833
2015-05-19,0.1552339181286549
2015-05-20,0.0925902621722846
2015-05-21,0.1032211081794195
2015-05-22,0.2108801837270341
2015-05-23,0.200831096196868
2015-05-24,0.2332392776523702
2015-05-25,0.2351817371937639
2015-05-26,0.1509824945295405
2015-05-27,0.1417935779816513
2015-05-28,0.1609215780998389
2015-05-29,0.0980290502793296
2015-05-30,0.1549657276995305
2015-05-31,0.1608449561403509
2015-06-01,0.150303416856492
2015-06-02,0.1391097101449275
2015-06-03,0.161562865497076
2015-06-04,0.1606663265306122
2015-06-05,0.2182142857142857
2015-06-06,0.2409738938053097
2015-06-07,0.2117287081339713
2015-06-08,0.1848348299319728
2015-06-09,0.1371706976744186
2015-06-10,0.1897838461538461
2015-06-11,0.1553035897435897
2015-06-12,0.1808603864734299
2015-06-13,0.1339793193717277
2015-06-14,0.1246444444444444
2015-06-15,0.1545204678362573
2015-06-16,0.1488367697594501
2015-06-17,0.1312446753246753
2015-06-18,0.1823922178988327
2015-06-19,0.1446324712643678
2015-06-20,0.1422029605263157
2015-06-21,0.1133003225806451
2015-06-22,0.1644321951219512
2015-06-23,0.108075294117647
2015-06-24,0.1299663366336634
2015-06-25,0.1797151202749141
2015-06-26,0.0999130601092896
2015-06-27,0.0686223684210526
2015-06-28,0.1765364427860696
2015-06-29,0.1567962295081967
2015-06-30,0.142443163538874
2015-07-01,0.121059298245614
2015-07-02,0.1647923322683706
2015-07-03,0.1803422336769759
2015-07-04,0.1713252491694352
2015-07-05,0.1671310457516339
2015-07-06,0.15701484375
2015-07-07,0.1437548260381593
2015-07-08,0.1610578310502283
2015-07-09,0.1517814285714286
2015-07-10,0.1262850274725274
2015-07-11,0.1514364073006724
2015-07-12,0.149410546875
2015-07-13,0.0994144409937888
2015-07-14,0.1182625106837606
2015-07-15,0.1259237024221453
2015-07-16,0.1396938854489164
2015-07-17,0.14852
2015-07-18,0.1540223723723723
2015-07-19,0.0882433974358974
2015-07-20,0.0855112765957446
2015-07-21,0.1390590611814346
2015-07-22,0.1597111809045226
2015-07-23,0.2416574117647059
2015-07-24,0.1434193290734824
2015-07-25,0.1250358386075949
2015-07-26,0.1550672579263068
2015-07-27,0.1118621470588235
2015-07-28,0.1695265873015873
2015-07-29,0.0997059027777777
2015-07-30,0.1465333333333333
2015-07-31,0.0999429799426934
2015-08-01,0.1612928571428571
2015-08-02,0.1258920689655172
2015-08-03,0.1602058064516129
2015-08-04,0.1038316770186335
2015-08-05,0.1361002865329513
2015-08-06,0.1340876470588235
2015-08-07,0.1236663768115942
2015-08-08,0.1119973379629629
2015-08-09,0.1638202337662337
2015-08-10,0.1132325683060109
2015-08-11,0.1085044637681159
2015-08-12,0.1667237265415549
2015-08-13,0.14032492211838
2015-08-14,0.1373178670360111
2015-08-15,0.1493382758620689
2015-08-16,0.172325
2015-08-17,0.1224914529914529
2015-08-18,0.0456789256198347
2015-08-19,0.0783543915343915
2015-08-20,0.0691980132450331
2015-08-21,0.1060014285714285
2015-08-22,0.1000002801120448
2015-08-23,0.1094321327683615
2015-08-24,0.059083619047619
2015-08-25,0.0934667763157894
2015-08-26,0.1058230099502487
2015-08-27,0.1216833777777778
2015-08-28,0.0655910071942446
2015-08-29,0.1318662601626016
2015-08-30,0.0449900219298245
2015-08-31,0.0751132716049382
2015-09-01,0.0025865546218487
2015-09-02,0.0151946338383838
2015-09-03,0.0662454545454545
2015-09-04,0.035200909090909
2015-09-05,0.0185147975077881
2015-09-06,0.2010922529313233
2015-09-07,0.1193712693798449
2015-09-08,0.0598303482587064
2015-09-09,0.0578573076923076
2015-09-10,0.0392860050890585
2015-09-11,0.0869976923076923
2015-09-12,0.0818497787610619
2015-09-13,0.0870118881118881
2015-09-14,0.0794003950617284
2015-09-15,0.0798610544217687
2015-09-16,0.0486117977528089
2015-09-17,0.0577410984848484
2015-09-18,0.0643810379241517
2015-09-19,0.0547704166666666
2015-09-20,0.0705018018018018
2015-09-21,0.0371014583333333
2015-09-22,0.0598926573426573
2015-09-23,0.0517950537634408
2015-09-24,0.0413960227272727
2015-09-25,0.0441528409090909
2015-09-26,0.05629296875
2015-09-27,0.0613051948051948
2015-09-28,0.0493983818770226
2015-09-29,0.0525942028985507
2015-09-30,0.1022426356589147
2015-10-01,0.1048972972972973
2015-10-02,0.0739598540145985
2015-10-03,0.1002755555555555
2015-10-04,0.1003212121212121
2015-10-05,0.1173155555555555
2015-10-06,0.0879288461538461
2015-10-07,0.0867490384615384
2015-10-08,0.0465657894736842
2015-10-09,0.112906993006993
2015-10-10,0.0651586956521739
2015-10-11,0.0726008474576271
2015-10-12,0.1046915094339622
2015-10-13,0.0463239130434782
2015-10-14,0.0736673469387755
2015-10-15,0.0723926829268292
2015-10-16,0.0771994011976048
2015-10-17,0.0704676282051282
2015-10-18,0.0232422955974842
2015-10-19,0.0453055172413793
2015-10-20,0.0295935114503816
2015-10-21,-0.0141967391304347
2015-10-22,-0.003390909090909
2015-10-23,0.0083502923976608
2015-10-24,0.0105234615384615
2015-10-25,0.0234716049382716
2015-10-26,0.0263955479452054
2015-10-27,-0.028943947858473
2015-10-28,-0.0120303501945525
2015-10-29,0.059095731707317
2015-10-30,0.0292017857142857
2015-10-31,0.0565451612903225
2015-11-01,0.0422401260504201
2015-11-02,0.0370882191780821
2015-11-03,0.0470020408163265
2015-11-04,0.0569495567375886
2015-11-05,0.1251970311581422
2015-11-06,0.1221803694158075
2015-11-07,0.1325138476755687
2015-11-08,0.1399329629629629
2015-11-09,0.09985097799511
2015-11-10,0.086412885462555
2015-11-11,0.1351010094408133
2015-11-12,0.0961072856221792
2015-11-13,0.097123613963039
2015-11-14,0.0841492248062015
2015-11-15,0.0859516611295681
2015-11-16,0.0807287356321839
2015-11-17,0.0964693100358422
2015-11-18,0.1304585889570552
2015-11-19,0.0998880341880342
2015-11-20,0.0958566666666666
2015-11-21,0.1584260445682451
2015-11-22,0.1378760053619303
2015-11-23,0.1142687293729373
2015-11-24,0.0978021231422505
2015-11-25,0.0808198012232415
2015-11-26,0.0769031486146095
2015-11-27,0.1121145772594752
2015-11-28,0.1453805555555555
2015-11-29,0.0864740591966173
2015-11-30,0.117025
2015-12-01,0.0847651062416998
2015-12-02,0.1085577044025157
2015-12-03,0.1592107751937984
2015-12-04,0.1240803738317757
2015-12-05,0.177769098143236
2015-12-06,0.0940801122194513
2015-12-07,0.084957242063492
2015-12-08,0.1540109375
2015-12-09,0.1624127659574468
2015-12-10,0.1193558064516129
2015-12-11,0.1310652427184466
2015-12-12,0.099164830371567
2015-12-13,0.1414156441717791
2015-12-14,0.154846286231884
2015-12-15,0.1884353398058252
2015-12-16,0.1051629629629629
2015-12-17,0.1644594117647058
2015-12-18,0.1869860045146726
2015-12-19,0.1577919687277896
2015-12-20,0.1877469262295082
2015-12-21,0.1562072897196262
2015-12-22,0.1537267790262172
2015-12-23,0.1907630806845966
2015-12-24,0.2066956862745098
2015-12-25,0.1521691151919866
2015-12-26,0.1841236036036036
2015-12-27,0.2240422360248447
2015-12-28,0.2288941834451901
2015-12-29,0.2111760536398467
2015-12-30,0.2143720794392523
2015-12-31,0.1423544534412955
2016-01-01,0.1545782178217822
2016-01-02,0.2053704724409449
2016-01-03,0.2327002624671916
2016-01-04,0.1903057109557109
2016-01-05,0.1663997959183673
2016-01-06,0.2295987714987715
2016-01-07,0.2106023339317774
2016-01-08,0.1547388235294118
2016-01-09,0.1862196564885496
2016-01-10,0.2399185924369748
2016-01-11,0.1376885620915032
2016-01-12,0.1251535055350553
2016-01-13,0.1962124050632911
2016-01-14,0.1230831385642737
2016-01-15,0.1690170454545454
2016-01-16,0.083451871657754
2016-01-17,0.168607723132969
2016-01-18,0.1669029082774049
2016-01-19,0.197870245398773
2016-01-20,0.1534216216216216
2016-01-21,0.1778901176470588
2016-01-22,0.1684761764705882
2016-01-23,0.1212120103092783
2016-01-24,0.1817431746031746
2016-01-25,0.2057786363636363
2016-01-26,0.1228505347593583
2016-01-27,0.1020913394919168
2016-01-28,0.0327846080305927
2016-01-29,0.0911347962382445
2016-01-30,0.0696346405228758
2016-01-31,0.1176115023474178
2016-02-01,0.1023237804878049
2016-02-02,0.0652636927223719
2016-02-03,0.0275533726260641
2016-02-04,0.0391754752851711
2016-02-05,0.1075966047950502
2016-02-06,-0.0016195238095238
2016-02-07,-0.0104530545670225
2016-02-08,-0.01758488523735
2016-02-09,-0.0141019194591416
2016-02-10,0.0148220287539936
2016-02-11,0.0106370056497175
2016-02-12,0.0080175313059034
2016-02-13,0.088062844712182
2016-02-14,0.067779423076923
2016-02-15,0.0636871345029239
2016-02-16,0.1230425317460317
2016-02-17,0.1097482436472346
2016-02-18,0.1206395680521597
2016-02-19,0.0959610491071428
2016-02-20,0.1229341463414634
2016-02-21,0.12125
2016-02-22,0.1050566742081448
2016-02-23,0.0875010638998682
2016-02-24,0.0953144104803493
2016-02-25,0.1339891644908616
2016-02-26,0.0919007547348484
2016-02-27,0.073892426762361
2016-02-28,0.1044671794321794
2016-02-29,0.1102441441441441
2016-03-01,0.1280253236245954
2016-03-02,0.135841036036036
2016-03-03,0.1434053066037736
2016-03-04,0.0994116438356164
2016-03-05,0.0777169507575757
2016-03-06,0.0586474960876369
2016-03-07,0.1074058158995816
2016-03-08,0.1704553278688524
2016-03-09,0.1649751381215469
2016-03-10,0.1893095663265306
2016-03-11,0.176305152979066
2016-03-12,0.2184845758354755
2016-03-13,0.2055395480225988
2016-03-14,0.1579461734693877
2016-03-15,0.1316979609929078
2016-03-16,0.1294940158259149
2016-03-17,0.0667468144044321
2016-03-18,0.0775475017844396
2016-03-19,0.1094937190900098
2016-03-20,0.0100697969543147
2016-03-21,0.0382856401384083
2016-03-22,0.0542335361730899
2016-03-23,0.0957839950372208
2016-03-24,0.1003123869171886
2016-03-25,0.0574858860759493
2016-03-26,0.0640299549549549
2016-03-27,0.114999375
2016-03-28,0.1947151274875622
2016-03-29,0.1379234612310152
2016-03-30,0.1306732142857143
2016-03-31,0.137313314447592
2016-04-01,0.1493993071593533
2016-04-02,0.0541957731958762
2016-04-03,0.1316714227642276
2016-04-04,0.0773201388888888
2016-04-05,0.1129349329677026
2016-04-06,0.1432691499696417
2016-04-07,0.1515140736342043
2016-04-08,0.1249480392156862
2016-04-09,0.0443049817251462
2016-04-10,0.1415726984126984
2016-04-11,0.1142204194260485
2016-04-12,0.0663967453505007
2016-04-13,0.1642130922693267
2016-04-14,0.1281681114551083
2016-04-15,0.1165070175438596
2016-04-16,0.1431293899204244
2016-04-17,0.1499314285714285
2016-04-18,0.1357389534883721
2016-04-19,0.1615343390804597
2016-04-20,0.0878467637540453
2016-04-21,0.1366202127659574
2016-04-22,0.1349236263736263
2016-04-23,0.1171586687306501
2016-04-24,0.0936808580858085
2016-04-25,0.1487317518248175
2016-04-26,0.165825
2016-04-27,0.1247125405246094
2016-04-28,0.1147279317697228
2016-04-29,0.1349278651685393
2016-04-30,0.1844626740947075
2016-05-01,0.154958179419525
2016-05-02,0.1947567723342939
2016-05-03,0.1580908653846154
2016-05-04,0.1224263383297644
2016-05-05,0.1307069711538461
2016-05-06,0.1389586633663366
2016-05-07,0.198003591160221
2016-05-08,0.1167308823529411
2016-05-09,0.1529341715976331
2016-05-10,0.1659242718446602
2016-05-11,0.1755689054726368
2016-05-12,0.1900475903614458
2016-05-13,0.190981512605042
2016-05-14,0.214896644295302
2016-05-15,0.1662399713467048
2016-05-16,0.1578894385026738
2016-05-17,0.1572603818615751
2016-05-18,0.1024980132450331
2016-05-19,0.1257175355450237
2016-05-20,0.1750762318840579
2016-05-21,0.1631767295597484
2016-05-22,0.1342405940594059
2016-05-23,0.0936535388127854
2016-05-24,0.1097178909952606
2016-05-25,0.1192799256505576
2016-05-26,-0.014197290640394
2016-05-27,-0.0305793388429752
2016-05-28,-0.0428529411764705
2016-05-29,-0.0552012676056338
2016-05-30,-0.0417691214470284
2016-05-31,-0.051260606060606
2016-06-01,-0.0387512195121951
2016-06-02,-0.0266008143322475
2016-06-03,-0.0238804081632653
2016-06-04,-0.0293357142857142
2016-06-05,-0.0312847991313789
2016-06-06,-0.0434070075757575
2016-06-07,-0.035218431372549
2016-06-08,-0.0415553156146179
2016-06-09,-0.0391992063492063
2016-06-10,-0.0429871681415929
2016-06-11,-0.0225209459459459
2016-06-12,-0.0108871575342465
2016-06-13,-0.006007053291536
2016-06-14,-0.0402127659574468
2016-06-15,-0.0385770588235294
2016-06-16,-0.0040021874999999
2016-06-17,-0.0128261044176706
2016-06-18,-0.0336445175438596
2016-06-19,-0.0370209051724138
2016-06-20,-0.0387593314763231
2016-06-21,-0.0323872549019607
2016-06-22,-0.0404240845070422
2016-06-23,-0.0257865
2016-06-24,-0.0078898255813953
2016-06-25,0.0606280625832223
2016-06-26,-0.00945
2016-06-27,-0.0212674008810572
2016-06-28,-0.0467358552631578
2016-06-29,-0.0203709803921568
2016-06-30,-0.0042020408163265
2016-07-01,-0.0135123853211009
2016-07-02,0.0009617370892018
2016-07-03,-0.0102459821428571
2016-07-04,0.0023262430939226
2016-07-05,-0.0197059210526315
2016-07-06,-0.0083443729903536
2016-07-07,0.0057490616621983
2016-07-08,-0.0144923076923076
2016-07-09,-0.0211713218390804
2016-07-10,-0.0105647286821705
2016-07-11,-0.024821727748691
2016-07-12,-0.016246484375
2016-07-13,-0.0055797619047619
2016-07-14,-0.0152362694300518
2016-07-15,-0.0134346846846846
2016-07-16,-0.016487
2016-07-17,0.0027560924369747
2016-07-18,-0.0035640703517587
2016-07-19,-0.0065435331230283
2016-07-20,-0.0182255319148936
2016-07-21,-0.0019913636363636
2016-07-22,0.0173006912442396
2016-07-23,0.0273591489361702
2016-07-24,0.0702037735849056
2016-07-25,-0.0021571770334928
2016-07-26,0.0032441588785046
2016-07-27,0.0169179775280898
2016-07-28,0.0185915584415584
2016-07-29,-0.0131763157894736
2016-07-30,-0.0062932291666666
2016-07-31,-0.0116466183574879
2016-08-01,-0.0276386752136752
2016-08-02,0.0158966346153846
2016-08-03,-0.0068295258620689
2016-08-04,-0.0225159388646288
2016-08-05,0.0046099601593625
2016-08-06,0.0042208534621578
2016-08-07,0.0080838383838383
2016-08-08,-0.0099459595959595
2016-08-09,-0.001981862745098
2016-08-10,0.0170632034632034
2016-08-11,-0.0125518817204301
2016-08-12,0.0920803278688524
2016-08-13,0.0287470588235294
2016-08-14,0.0689568306010929
2016-08-15,-0.0071877300613496
2016-08-16,0.0073251351351351
2016-08-17,-0.0076231012658227
2016-08-18,-0.0408598360655737
2016-08-19,-0.0007332535885167
2016-08-20,-0.0120079096045197
2016-08-21,0.0027701183431952
2016-08-22,0.0620484472049689
2016-08-23,0.0521516921191553
2016-08-24,0.0155686813186813
2016-08-25,0.0223368794326241
2016-08-26,-0.0142033333333333
2016-08-27,0.0119593220338983
2016-08-28,-0.0560164705882352
2016-08-29,-0.007598730964467
2016-08-30,0.0184782857142857
2016-08-31,0.0061620253164556
2016-09-01,0.013838775510204
2016-09-02,0.0179817647058823
2016-09-03,0.0120851851851851
2016-09-04,0.0171534031413612
2016-09-05,0.0799154150197628
2016-09-06,0.0900381703470031
2016-09-07,0.0753188811188811
2016-09-08,0.0267814814814814
2016-09-09,0.0171316062176165
2016-09-10,0.0114991701244813
2016-09-11,0.0072186046511627
2016-09-12,0.0270959183673469
2016-09-13,0.0167983402489626
2016-09-14,0.0098588516746411
2016-09-15,0.0042237113402061
2016-09-16,0.0145918882978723
2016-09-17,0.0144018518518518
2016-09-18,0.0095510245901639
2016-09-19,0.0110493902439024
2016-09-20,0.029711921708185
2016-09-21,0.013832310469314
2016-09-22,0.061031746031746
2016-09-23,0.0175847272727272
2016-09-24,0.008069801980198
2016-09-25,0.0078206692913385
2016-09-26,0.000184965034965
2016-09-27,0.0173137387387387
2016-09-28,-0.0078721544715447
2016-09-29,0.0312504918032786
2016-09-30,0.0049759328358208
2016-10-01,0.0090734251968503
2016-10-02,0.0063400398406374
2016-10-03,0.0195255769230769
2016-10-04,0.0389415458937198
2016-10-05,0.0077235169491525
2016-10-06,0.0007983122362869
2016-10-07,0.0008277286135693
2016-10-08,0.0155989361702127
2016-10-09,-0.0043081481481481
2016-10-10,0.0202354978354978
2016-10-11,-0.0019509287925696
2016-10-12,0.0068007462686567
2016-10-13,-0.0004127009646302
2016-10-14,-0.0066486486486486
2016-10-15,-0.0014577358490566
2016-10-16,0.0451209677419354
2016-10-17,0.0168037581699346
2016-10-18,0.0053535714285714
2016-10-19,0.0046836909871244
2016-10-20,0.0112820960698689
2016-10-21,0.0466894111776447
2016-10-22,0.0236597959183673
2016-10-23,-0.0050690036900369
2016-10-24,-0.0178940789473684
2016-10-25,0.0062357913669064
2016-10-26,0.0027947540983606
2016-10-27,0.0122166666666666
2016-10-28,0.0209287735849056
2016-10-29,-0.002014258555133
2016-10-30,0.0315395604395604
2016-10-31,0.019116369047619
2016-11-01,0.0023099236641221
2016-11-02,0.0023572265625
2016-11-03,0.028159
2016-11-04,0.0349931535269709
2016-11-05,0.0111962454212454
2016-11-06,0.0199683021806853
2016-11-07,0.02018612716763
2016-11-08,0.049656937394247
2016-11-09,0.0332416666666666
2016-11-10,0.0118681265206812
2016-11-11,0.0096005747126436
2016-11-12,0.0207210648148148
2016-11-13,0.0051559577677224
2016-11-14,0.0458257914338919
2016-11-15,0.0165680379746835
2016-11-16,0.0486398734177215
2016-11-17,-0.0013434426229508
2016-11-18,0.0290295212765957
2016-11-19,0.0394323232323232
2016-11-20,0.0546320388349514
2016-11-21,0.0095150234741784
2016-11-22,0.0236716459197787
2016-11-23,0.0432793689320388
2016-11-24,0.0153191011235955
2016-11-25,0.0269349785407725
2016-11-26,0.0442736363636363
2016-11-27,0.0617447867298578
2016-11-28,0.0556589285714285
2016-11-29,0.0934367588932806
2016-11-30,0.0196776536312849
2016-12-01,0.0137030364372469
2016-12-02,0.0182793333333333
2016-12-03,0.0236386740331491
2016-12-04,0.0021373417721518
2016-12-05,0.0412261261261261
2016-12-06,0.0068683417085427
2016-12-07,0.0167573170731707
2016-12-08,-0.0022451476793248
2016-12-09,0.0483286624203821
2016-12-10,0.0638217687074829
2016-12-11,0.0216825581395348
2016-12-12,0.0606847826086956
2016-12-13,0.1575658653846153
2016-12-14,0.1241334808259587
2016-12-15,0.140087739965096
2016-12-16,0.1325166666666666
2016-12-17,0.0390912491254536
2016-12-18,0.0470352668184355
2016-12-19,0.0390473294438907
2016-12-20,0.0102165951359084
2016-12-21,0.0218529374201788
2016-12-22,7.915129151291482e-05
2016-12-23,0.015994071146245
2016-12-24,0.0018890384615384
2016-12-25,0.0034933920704845
2016-12-26,0.0098159403669724
2016-12-27,0.0212352344740177
2016-12-28,-0.0001044982698961
2016-12-29,0.0106010638297872
2016-12-30,0.0078598181818181
2016-12-31,0.0100966524216524
2017-01-01,0.025862101210121
2017-01-02,0.0159141304347826
2017-01-03,0.012509900990099
2017-01-04,0.0211692222222222
2017-01-05,0.0108533123028391
2017-01-06,0.0055990830636461
2017-01-07,0.0202228136882129
2017-01-08,0.0160484375
2017-01-09,-0.0002057692307692
2017-01-10,0.0199305555555555
2017-01-11,0.0014086642599277
2017-01-12,0.0144120754716981
2017-01-13,0.0090311355311355
2017-01-14,0.005368320610687
2017-01-15,0.0064960344827586
2017-01-16,-0.0058272727272727
2017-01-17,0.0095614840989399
2017-01-18,0.0220280423280423
2017-01-19,0.0102386666666666
2017-01-20,0.0031856389986824
2017-01-21,-0.0023286057692307
2017-01-22,0.0125690217391304
2017-01-23,0.012585752688172
2017-01-24,0.0119961077844311
2017-01-25,0.0234194881889763
2017-01-26,0.0071389150943396
2017-01-27,0.0022279141104294
2017-01-28,0.0093439102564102
2017-01-29,0.0958637019230769
2017-01-30,0.0041517786561264
2017-01-31,0.0004382608695652
2017-02-01,0.0138039039039039
2017-02-02,0.0051977272727272
2017-02-03,0.0026049079754601
2017-02-04,0.0066767942583732
2017-02-05,0.0155563131313131
2017-02-06,0.0035512315270935
2017-02-07,-0.0079431318681318
2017-02-08,-0.0045208888888888
2017-02-09,0.0082330097087378
2017-02-10,0.0040952606635071
2017-02-11,-0.0042594298245614
2017-02-12,-0.0042977366255144
2017-02-13,0.0067005917159763
2017-02-14,-0.0030721719457013
2017-02-15,0.016751404494382
2017-02-16,0.067322301579409
2017-02-17,0.0785046508676508
2017-02-18,-0.0028798387096774
2017-02-19,0.0249655172413793
2017-02-20,0.0102744966442953
2017-02-21,0.0146686274509803
2017-02-22,1.1811023622047446e-05
2017-02-23,0.0247501992031872
2017-02-24,0.0192057620817843
2017-02-25,0.0063121212121212
2017-02-26,0.0094765239948119
2017-02-27,0.0177605978260869
2017-02-28,0.0156074159021406
2017-03-01,0.0244964237516869
2017-03-02,0.0190675925925925
2017-03-03,0.0035566951566951
2017-03-04,-0.0019758928571428
2017-03-05,0.0232243421052631
2017-03-06,0.0088284946236559
2017-03-07,0.0171978070175438
2017-03-08,0.023325
2017-03-09,0.0168912195121951
2017-03-10,0.0087271645021645
2017-03-11,0.0596521276595744
2017-03-12,0.1750804988662131
2017-03-13,0.0057303738317757
2017-03-14,0.0193514227642276
2017-03-15,-0.0041763331138907
2017-03-16,0.013321615720524
2017-03-17,0.0073320105820105
2017-03-18,-0.0006394285714285
2017-03-19,0.0053843749999999
2017-03-20,-0.0058339285714285
2017-03-21,0.007402447089947
2017-03-22,0.0081830601092896
2017-03-23,0.0025489304812834
2017-03-24,0.0225390909090909
2017-03-25,0.0310549689440993
2017-03-26,0.0216785310734463
2017-03-27,0.0234263636363636
2017-03-28,0.0249513888888888
2017-03-29,0.0420135245901639
2017-03-30,0.0270418604651162
2017-03-31,0.0084828358208955
2017-04-01,0.0049029126213592
2017-04-02,0.0147116336633663
2017-04-03,0.0130325136612021
2017-04-04,0.0026463687150838
2017-04-05,-0.0058844736842105
2017-04-06,0.0406972222222222
2017-04-07,0.01191775
2017-04-08,0.018679109589041
2017-04-09,0.1297344311377245
2017-04-10,0.2099549342105263
2017-04-11,0.1262497084548105
2017-04-12,0.0009972103004291
2017-04-13,0.0063052419354838
2017-04-14,-0.0002450892857142
2017-04-15,0.0030254054054054
2017-04-16,0.0063961864406779
2017-04-17,0.0648818103448275
2017-04-18,0.0235015765765765
2017-04-19,0.0045101139601139
2017-04-20,0.0334464912280701
2017-04-21,0.0374314569536423
2017-04-22,0.0047467441860465
2017-04-23,0.0122326086956521
2017-04-24,0.008838725490196
2017-04-25,0.026012
2017-04-26,0.0231540485829959
2017-04-27,0.044625085324232
2017-04-28,0.0411588187702265
2017-04-29,0.0158736585365853
2017-04-30,0.0505141321044546
2017-05-01,0.0473988304093567
2017-05-02,0.0144278017241379
2017-05-03,0.0256652459016393
2017-05-04,0.0532355704697986
2017-05-05,0.0224627232142857
2017-05-06,0.0138412087912087
2017-05-07,0.019126923076923
2017-05-08,0.0438961397058823
2017-05-09,0.0477995337995338
2017-05-10,0.013960989010989
2017-05-11,0.0747527456647398
2017-05-12,0.0172886690647482
2017-05-13,0.0631327935222672
2017-05-14,0.0630624653739612
2017-05-15,0.0053881967213114
2017-05-16,0.034838326848249
2017-05-17,0.0362849785407725
2017-05-18,0.0556872773536895
2017-05-19,0.0323529411764705
2017-05-20,0.0368776397515527
2017-05-21,0.045748172757475
2017-05-22,0.0493766561514195
2017-05-23,0.0590329721362229
2017-05-24,0.0506846256684492
2017-05-25,0.0260357585139318
2017-05-26,0.0309993333333333
2017-05-27,0.0393038243626062
2017-05-28,0.0394622356495468
2017-05-29,0.0462011627906976
2017-05-30,0.0275861788617886
2017-05-31,0.046198753894081
2017-06-01,0.0527320921985815
2017-06-02,0.0485582352941176
2017-06-03,0.0207479253112033
2017-06-04,0.0238324607329842
2017-06-05,0.0070706692913385
2017-06-06,0.0139415
2017-06-07,0.1185781869688385
2017-06-08,0.0426223140495867
2017-06-09,0.0106030534351145
2017-06-10,-0.0014829545454545
2017-06-11,-0.0073124999999999
2017-06-12,0.0051936363636363
2017-06-13,0.0231917057902973
2017-06-14,0.037522552954292
2017-06-15,0.0490888087138558
2017-06-16,0.0326872274143302
2017-06-17,-0.0082004291845493
2017-06-18,-0.0209505882352941
2017-06-19,-0.0080823691460055
2017-06-20,-0.0129650684931506
2017-06-21,0.0040495253164556
2017-06-22,0.0030308988764044
2017-06-23,-0.0513651930894308
2017-06-24,-0.0455878099173553
2017-06-25,-0.0198102316602316
2017-06-26,-0.017387893081761
2017-06-27,0.0010798219584569
2017-06-28,0.073295
2017-06-29,0.033900249500998
2017-06-30,-0.0005136150234741
2017-07-01,-0.0081048333333333
2017-07-02,-0.0165354166666666
2017-07-03,-0.003727659574468
2017-07-04,0.0380709543568464
2017-07-05,-0.0082472103004291
2017-07-06,0.0234268138801261
2017-07-07,-0.0029778443113772
2017-07-08,0.0008836231884057
2017-07-09,0.0039854508196721
2017-07-10,0.0057404352806414
2017-07-11,-0.0112944108761329
2017-07-12,-0.014322540592168
2017-07-13,0.0191410505836575
2017-07-14,0.0001721538461538
2017-07-15,-0.0049007135575942
2017-07-16,-0.0066149425287356
2017-07-17,-0.0029050516431924
2017-07-18,0.0028947044917257
2017-07-19,0.0005652976190476
2017-07-20,-0.0113692274305555
2017-07-21,-0.005850563654033
2017-07-22,-0.0001162596899224
2017-07-23,-0.0135788922155688
2017-07-24,0.0025965391621129
2017-07-25,0.0553795212765957
2017-07-26,0.1017276836158192
2017-07-27,0.0229205597326649
2017-07-28,-0.0178263522012578
2017-07-29,-0.0457842892785856
2017-07-30,-0.0293744398340248
2017-07-31,-0.0246853968253968
2017-08-01,-0.0349336148955495
2017-08-02,0.0003491594620557
2017-08-03,-0.0192907238095238
2017-08-04,0.0008098358208955
2017-08-05,0.0012363793103448
2017-08-06,-0.018167357203751
2017-08-07,0.0191756101190476
2017-08-08,0.0328080478229835
2017-08-09,0.1143656483367277
2017-08-10,0.0999826694619147
2017-08-11,0.0476158174097664
2017-08-12,0.04344625
2017-08-13,0.0760164782273314
2017-08-14,0.0557056205035971
2017-08-15,0.0666821663019693
2017-08-16,0.0596107755406413
2017-08-17,0.0521552997076023
2017-08-18,0.0497231052244297
2017-08-19,0.0551633584589614
2017-08-20,0.0684466072943172
2017-08-21,0.0855507575757575
2017-08-22,0.0531706875
2017-08-23,0.0672844611528822
2017-08-24,0.0557312191684284
2017-08-25,0.0727583722741433
2017-08-26,0.0726139329805996
2017-08-27,0.0747485136452241
2017-08-28,0.0492119277108433
2017-08-29,0.060003537735849
2017-08-30,0.0940681902860944
2017-08-31,0.1218725524475524
2017-09-01,0.1027380546075085
2017-09-02,0.1020659857328145
2017-09-03,0.0977815487571701
2017-09-04,0.0736415317139001
2017-09-05,0.040185670995671
2017-09-06,0.0618183333333333
2017-09-07,0.0459346473029045
2017-09-08,0.0779658195020746
2017-09-09,0.0577055155875299
2017-09-10,0.026327140974967
2017-09-11,0.0607763392857142
2017-09-12,0.0656529548472775
2017-09-13,0.0633714814814814
2017-09-14,0.0261226653306613
2017-09-15,0.0581207973856209
2017-09-16,0.0438927309236947
2017-09-17,0.0367793085106383
2017-09-18,0.0200153710045662
2017-09-19,0.0474480743691899
2017-09-20,0.0764110730593607
2017-09-21,0.0744816344463972
2017-09-22,0.0224070442992011
2017-09-23,0.028436037037037
2017-09-24,0.0627290414878397
2017-09-25,0.0583162133891213
2017-09-26,0.0745509445460085
2017-09-27,0.0729559278350515
2017-09-28,0.0829653473613894
2017-09-29,0.12642831284153
2017-09-30,0.0888211977186311
2017-10-01,0.1073151127361365
2017-10-02,0.0760028081360048
2017-10-03,0.0708560661764706
2017-10-04,0.0744535
2017-10-05,0.0859441596931659
2017-10-06,0.0441999329309188
2017-10-07,0.0553835446824937
2017-10-08,0.0448222502594189
2017-10-09,0.0391691274654563
2017-10-10,0.0090838226757535
2017-10-11,0.0531679686127294
2017-10-12,0.0459607627118644
2017-10-13,0.050581339031339
2017-10-14,0.0665058437686344
2017-10-15,0.0718424528301886
2017-10-16,0.0645264217443249
2017-10-17,0.1012657804726368
2017-10-18,0.1156881422924901
2017-10-19,0.0577564451706608
2017-10-20,0.03590625
2017-10-21,0.0720252635046113
2017-10-22,0.0488049122807017
2017-10-23,0.0726777777777777
2017-10-24,0.0547715736040609
2017-10-25,0.0522536634460547
2017-10-26,0.040582040229885
2017-10-27,0.0104607926829268
2017-10-28,0.0456570154095701
2017-10-29,0.0365797843137254
2017-10-30,0.0631395290581162
2017-10-31,0.0745922376543209
2017-11-01,0.0367892756680731
2017-11-02,0.0703009143155695
2017-11-03,0.0695513633834168
2017-11-04,0.0624999636891793
2017-11-05,0.1001072978303747
2017-11-06,0.1062790774299835
2017-11-07,0.0372800156128025
2017-11-08,0.0361315789473684
2017-11-09,0.0468681785457163
2017-11-10,0.0497656763826606
2017-11-11,0.0358692129629629
2017-11-12,0.0589127428127428
2017-11-13,0.0245188861985472
2017-11-14,0.0609169546436285
2017-11-15,0.0599889004149377
2017-11-16,0.0600644290123456
2017-11-17,0.0559907653383934
2017-11-18,0.0527237965485921
2017-11-19,0.0249148228488792
2017-11-20,0.0636520084566596
2017-11-21,0.0562194327731092
2017-11-22,0.0432076658053402
2017-11-23,0.035140625
2017-11-24,-0.0027044080604533
2017-11-25,-0.0292022222222222
2017-11-26,0.0914303289057558
2017-11-27,0.0528132014874915
2017-11-28,0.0575501584283903
2017-11-29,0.0726679523809523
2017-11-30,0.0470558764940239
2017-12-01,0.0738223694779116
2017-12-02,0.0641701149425287
2017-12-03,0.0391512235449735
2017-12-04,0.0666164079822616
2017-12-05,0.0308399885255306
2017-12-06,0.0416057652685798
2017-12-07,0.0577648188405797
2017-12-08,0.0664241810183701
2017-12-09,0.0747619207748952
2017-12-10,0.0490188350983358
2017-12-11,0.0479645249221183
2017-12-12,0.0774667300862506
2017-12-13,0.0519998156924697
2017-12-14,0.0528050103519668
2017-12-15,0.0369301402999516
2017-12-16,0.0264334530221424
2017-12-17,0.064362321315623
2017-12-18,0.0545246972318339
2017-12-19,0.0619109979889391
2017-12-20,0.0269080559254327
2017-12-21,0.0111941985203452
2017-12-22,0.0318088241436925
2017-12-23,0.0228101932367149
2017-12-24,0.0365786248527679
2017-12-25,0.0540862536656891
2017-12-26,0.0125639893873613
2017-12-27,0.012576196013289
2017-12-28,0.0199234954493742
2017-12-29,0.0216179010238907
2017-12-30,0.0404059592711682
2017-12-31,0.0105642815249266
2018-01-01,0.0703215206812652
2018-01-02,0.0140122739018087
2018-01-03,0.0101752643294379
2018-01-04,0.0530968711276332
2018-01-05,0.0446672798216276
2018-01-06,0.0347588126159554
2018-01-07,0.0298588225701239
2018-01-08,0.0325482951205173
2018-01-09,0.0025019516728624
2018-01-10,0.0394102868068833
2018-01-11,0.055438378302417
2018-01-12,0.0778855176767676
2018-01-13,0.0533299873737373
2018-01-14,0.0473622318840579
2018-01-15,0.0410045382165605
2018-01-16,0.0559284648416532
2018-01-17,0.0587999574574574
2018-01-18,0.0472632437275985
2018-01-19,0.0869925427350427
2018-01-20,0.0776003205128205
2018-01-21,0.0773213487071977
2018-01-22,0.084893109540636
2018-01-23,0.0866466324626865
2018-01-24,0.0591511926605504
2018-01-25,0.086954922330097
2018-01-26,0.0701301076260762
2018-01-27,0.0723241201027617
2018-01-28,0.0656126377410468
2018-01-29,0.0767466546112115
2018-01-30,0.0669486914600551
2018-01-31,0.0822918087318087
2018-02-01,0.0948367929292929
2018-02-02,0.0677825899280575
2018-02-03,0.1076779790310918
2018-02-04,0.0858106154910096
2018-02-05,0.0248436936665889
2018-02-06,0.0560072339299412
2018-02-07,0.068907238008342
2018-02-08,0.0612813583815028
2018-02-09,0.0797875030637254
2018-02-10,0.0717184964539007
2018-02-11,0.0654923930678466
2018-02-12,0.1112403419593345
2018-02-13,0.070117115768463
2018-02-14,0.0459755865384615
2018-02-15,0.0830019645120405
2018-02-16,0.0918137003058103
2018-02-17,0.0792540531660693
2018-02-18,0.0774095574712643
2018-02-19,0.0920527959053103
2018-02-20,0.0673975757575757
2018-02-21,0.066029173076923
2018-02-22,0.0725029553571428
2018-02-23,0.0875756666666666
2018-02-24,0.0572639454277286
2018-02-25,0.0747971998420221
2018-02-26,0.0853778009742519
2018-02-27,0.0942571663379355
2018-02-28,0.0888035931174089
2018-03-01,0.0891939538119087
2018-03-02,0.0846234283903675
2018-03-03,0.0987594362745098
2018-03-04,0.0912519233401779
2018-03-05,0.0891057073466909
2018-03-06,0.0724980084745762
2018-03-07,0.0735583245767659
2018-03-08,0.0787509840098401
2018-03-09,0.0645289289906103
2018-03-10,0.0690888024934383
2018-03-11,0.0714622423596304
2018-03-12,0.0699880098582871
2018-03-13,0.0516682705026455
2018-03-14,0.0892406753407682
2018-03-15,0.0621839517195767
2018-03-16,0.0708703792224346
2018-03-17,0.0652623216601815
2018-03-18,0.0800267582742316
2018-03-19,0.0766378888888889
2018-03-20,0.0895157458563535
2018-03-21,0.0988279455298993
2018-03-22,0.0937468120351589
2018-03-23,0.0752902431791221
2018-03-24,0.0868615079365079
2018-03-25,0.0730713156230234
2018-03-26,0.0977428683834048
2018-03-27,0.0783250497017892
2018-03-28,0.08870053
2018-03-29,0.0825122340425532
2018-03-30,0.0818265236051502
2018-03-31,0.068185861172977
2018-04-01,0.058793785228377
2018-04-02,0.0662234170305677
2018-04-03,0.0761981498577042
2018-04-04,0.0761698270326072
2018-04-05,0.0554578827673505
2018-04-06,0.062555368704828
2018-04-07,0.0666336910891411
2018-04-08,0.0900670243204578
2018-04-09,0.082750143256464
2018-04-10,0.0920632441045251
2018-04-11,0.0891189343246592
2018-04-12,0.0925715739022881
2018-04-13,0.1043243754879
2018-04-14,0.0972210187553282
2018-04-15,0.1029829715165512
2018-04-16,0.0953804623154623
2018-04-17,0.0998840996168582
2018-04-18,0.0830886068563092
2018-04-19,0.0697819937694704
2018-04-20,0.0768789956331877
2018-04-21,0.0891522405660377
2018-04-22,0.0935315011820331
2018-04-23,0.0717904539800995
2018-04-24,0.0831445590994371
2018-04-25,0.0739783475783475
2018-04-26,0.0897667332002661
2018-04-27,0.0800195207892882
2018-04-28,0.0641772266313933
2018-04-29,0.0947199562363238
2018-04-30,0.0823589510233918
2018-05-01,0.0767699346405228
2018-05-02,0.0828290536467751
2018-05-03,0.0872428339818417
2018-05-04,0.0937322730654761
2018-05-05,0.0866235632183908
2018-05-06,0.0967400609756097
2018-05-07,0.1002701446280991
2018-05-08,0.0849161656441717
2018-05-09,0.1128418535469107
2018-05-10,0.1025249298245614
2018-05-11,0.1069434236453202
2018-05-12,0.1399476255144033
2018-05-13,0.0745670250896057
2018-05-14,0.0830198982785602
2018-05-15,0.089577384672619
2018-05-16,0.1091060124269005
2018-05-17,0.1077959887955182
2018-05-18,0.1321803287310979
2018-05-19,0.0847952451954937
2018-05-20,0.097236279157261
2018-05-21,0.1187715555555555
2018-05-22,0.1846071326472269
2018-05-23,0.1004387775677378
2018-05-24,0.0403352996254681
2018-05-25,0.0634971247563352
2018-05-26,0.0254577461607949
2018-05-27,0.0416421428571428
2018-05-28,0.0472188365187344
2018-05-29,0.0430660520607375
2018-05-30,0.0417898370927318
2018-05-31,0.0369302210884353
2018-06-01,0.0261133132126089
2018-06-02,0.1056240925394638
2018-06-03,0.0974851342538749
2018-06-04,0.085306977318165
2018-06-05,0.0797981543756175
2018-06-06,0.0376008847283406
2018-06-07,0.046865
2018-06-08,0.0289190753690753
2018-06-09,0.0371478847556528
2018-06-10,0.0216747240865026
2018-06-11,0.0179226247030878
2018-06-12,0.0365541577444682
2018-06-13,0.0342472222222222
2018-06-14,0.031554282051282
2018-06-15,0.0307033778317152
2018-06-16,0.0153710437293729
2018-06-17,0.0259039759036144
2018-06-18,0.0272882685753237
2018-06-19,0.0287923625254582
2018-06-20,0.0337992440225035
2018-06-21,0.0420692667958656
2018-06-22,0.0375025033875338
2018-06-23,0.0288209046454767
2018-06-24,0.0217643965517241
2018-06-25,0.0297988229166666
2018-06-26,0.0363625504032258
2018-06-27,0.0212681219681219
2018-06-28,0.0433660386965376
2018-06-29,0.0409224433656957
2018-06-30,0.0334145199459093
2018-07-01,0.0226224043715847
2018-07-02,0.0299869255381035
2018-07-03,0.0369571004993757
2018-07-04,0.0388449806949807
2018-07-05,0.0412013553113553
2018-07-06,0.0392217501815541
2018-07-07,0.0491813833701251
2018-07-08,0.0370508264462809
2018-07-09,0.0200253183520599
2018-07-10,0.0237449887387387
2018-07-11,0.022313779956427
2018-07-12,0.0386879355400696
2018-07-13,0.0480115196078431
2018-07-14,0.0314735995850622
2018-07-15,0.028135025754231
2018-07-16,0.0393890402075227
2018-07-17,0.0637214070048309
2018-07-18,0.041125503742084
2018-07-19,0.0462136597222222
2018-07-20,0.0315037301587301
2018-07-21,0.0363461172161172
2018-07-22,0.0261610028860028
2018-07-23,0.0508248178506375
2018-07-24,0.0550007284382284
2018-07-25,0.0656703255963894
2018-07-26,0.0536469755469755
2018-07-27,0.0604085551330798
2018-07-28,0.0555407362637362
2018-07-29,0.0492652841781874
2018-07-30,0.0466861032863849
2018-07-31,0.1141550504610712
2018-08-01,0.1597009026040397
2018-08-02,0.1337683160479078
2018-08-03,0.1401913972421888
2018-08-04,0.0585326923076923
2018-08-05,0.0623319217687074
2018-08-06,0.0693179094964945
2018-08-07,0.0547434192439862
2018-08-08,0.0731943984220907
2018-08-09,0.064915625
2018-08-10,0.0527391932270916
2018-08-11,0.0675554960742327
2018-08-12,0.0639451965065502
2018-08-13,0.0418359756097561
2018-08-14,0.0686633569500674
2018-08-15,0.0824425568496949
2018-08-16,0.0565466804979253
2018-08-17,0.0619956728778468
2018-08-18,0.046500465116279
2018-08-19,0.0394633333333333
2018-08-20,0.0427305989583333
2018-08-21,0.0456205592841163
2018-08-22,0.0597870346320346
2018-08-23,0.0439634407407407
2018-08-24,0.0639909218289085
2018-08-25,0.0437412369207772
2018-08-26,0.0458836317135549
2018-08-27,0.0513185416666666
2018-08-28,0.056888027405991
2018-08-29,0.0553608768406961
2018-08-30,0.0503708992094861
2018-08-31,0.0441109040717736
2018-09-01,0.0373217380442541
2018-09-02,0.0376139874739039
2018-09-03,0.0340028566599053
2018-09-04,0.0452919094488189
2018-09-05,0.0519108780332056
2018-09-06,0.0557275730411686
2018-09-07,0.0548017158792651
2018-09-08,0.0506757194244604
2018-09-09,0.0583381746031746
2018-09-10,0.0560326571201272
2018-09-11,0.0628831430745814
2018-09-12,0.0434936325678496
2018-09-13,0.0677236294078509
2018-09-14,0.0575622185911401
2018-09-15,0.0511017228464419
2018-09-16,0.0489899122807017
2018-09-17,0.0349429297900262
2018-09-18,0.0580720934510669
2018-09-19,0.0731918269230769
2018-09-20,0.078738379814077
2018-09-21,0.0552844444444444
2018-09-22,0.0693299654576856
2018-09-23,0.0066493785310734
2018-09-24,0.0094048670062252
2018-09-25,0.0491311656005685
2018-09-26,0.0554613686700896
2018-09-27,0.0561440562678062
2018-09-28,0.0426422232529375
2018-09-29,0.0478640133647798
2018-09-30,0.045462862745098
2018-10-01,0.0747396370082275
2018-10-02,0.0484975583864118
2018-10-03,0.0538488159879336
2018-10-04,0.0344424567610062
2018-10-05,0.0516811242344706
2018-10-06,0.0420940571939231
2018-10-07,0.0389551926298157
2018-10-08,0.0502727272727272
2018-10-09,0.0537313775510204
2018-10-10,0.0473923785594639
2018-10-11,0.0360459138486312
2018-10-12,0.0538422275641025
2018-10-13,0.0173178881530537
2018-10-14,0.0279946376811594
2018-10-15,0.0384342969307637
2018-10-16,0.0482916666666666
2018-10-17,0.0323198602794411
2018-10-18,0.0372493262411347
2018-10-19,0.0479398583146905
2018-10-20,0.0361022428460943
2018-10-21,0.0462222888888888
2018-10-22,0.0681815408085431
2018-10-23,0.059464596949891
2018-10-24,0.0575491433021806
2018-10-25,0.0357998901098901
2018-10-26,0.0476019122807017
2018-10-27,0.0420804266088214
2018-10-28,0.0403671084337349
2018-10-29,0.0518969735720375
2018-10-30,0.059100829787234
2018-10-31,0.0719996957403651
2018-11-01,0.0418589666666666
2018-11-02,0.0327047498238195
2018-11-03,0.0273597014925373
2018-11-04,0.034576185266229
2018-11-05,0.0545986422267481
2018-11-06,0.0358969184890656
2018-11-07,0.0458827469135802
2018-11-08,0.0122792950034223
2018-11-09,0.0288387832310838
2018-11-10,0.0174986582809224
2018-11-11,0.0246912372188139
2018-11-12,0.0332165909090909
2018-11-13,0.0213562062256809
2018-11-14,0.0193520533880903
2018-11-15,0.0189158288450029
2018-11-16,0.0297253856472166
2018-11-17,0.011557960704607
2018-11-18,0.015512114989733
2018-11-19,0.0303283584169453
2018-11-20,0.0211326247165532
2018-11-21,0.0216785288270377
2018-11-22,0.0219458333333333
2018-11-23,0.0264006976744186
2018-11-24,0.0354880240549828
2018-11-25,0.0368107320261437
2018-11-26,0.0353435016835016
2018-11-27,0.0458452227011494
2018-11-28,0.1097296778990036
2018-11-29,0.1073726087885495
2018-11-30,0.0300797372060857
2018-12-01,0.0259110799701046
2018-12-02,0.0401805147058823
2018-12-03,0.0418195749440715
2018-12-04,0.0588945084485407
2018-12-05,0.0404228310502283
2018-12-06,0.0265056361607142
2018-12-07,0.0581492015968063
2018-12-08,0.0237644416456759
2018-12-09,0.0370303488372093
2018-12-10,0.0239005952380952
2018-12-11,0.0328347129008202
2018-12-12,0.0411259782608695
2018-12-13,0.0545990389784946
2018-12-14,0.0570628134556574
2018-12-15,0.0547571334648257
2018-12-16,0.040959534706331
2018-12-17,0.0544937678062678
2018-12-18,0.0460105935127674
2018-12-19,0.0329351752503576
2018-12-20,0.0535625295508274
2018-12-21,0.0458883071553228
2018-12-22,0.0146023351648351
2018-12-23,0.0296242114236999
2018-12-24,0.0204491379310344
2018-12-25,0.0389279324894514
2018-12-26,0.0198558193668528
2018-12-27,0.0495766759776536
2018-12-28,0.0261994884910485
2018-12-29,0.0176956675508399
2018-12-30,0.0328611035422343
2018-12-31,0.0359818663406683
2019-01-01,0.0246240489130434
2019-01-02,0.016292071197411
2019-01-03,0.0574080842911877
2019-01-04,0.0634371270247229
2019-01-05,0.0365768011527377
2019-01-06,0.0101227142857142
2019-01-07,0.0466960462287104
2019-01-08,0.0389303067993366
2019-01-09,0.0504240481740481
2019-01-10,0.0403981264637002
2019-01-11,0.0359583111111111
2019-01-12,0.0236821533923303
2019-01-13,0.0403497699386503
2019-01-14,0.0445622409326424
2019-01-15,0.0675845893719806
2019-01-16,0.0885960698626459
2019-01-17,0.0921357194479597
2019-01-18,0.0886154398684711
2019-01-19,0.0984534330400013
2019-01-20,0.0834027748005226
2019-01-21,0.0869580274528811
2019-01-22,0.0816824931336437
2019-01-23,0.0805150249974269
2019-01-24,0.0834724986026102
2019-01-25,0.0987429544609232
2019-01-26,0.1036203509604369
2019-01-27,0.0994831709058055
2019-01-28,0.0255330659536541
2019-01-29,0.0347948350694444
2019-01-30,0.0375173186634066
2019-01-31,0.0367191326530612
2019-02-01,0.0336616959064327
2019-02-02,0.0237750423011844
2019-02-03,0.0169699913644214
2019-02-04,0.0262474238875878
2019-02-05,0.0303322120518688
2019-02-06,0.0548653645833333
2019-02-07,0.0384429876543209
2019-02-08,0.0546954949729311
2019-02-09,0.0314640984284532
2019-02-10,0.0496450354609929
2019-02-11,0.0822543333333333
2019-02-12,0.0559577906976744
2019-02-13,0.0647077885391444
2019-02-14,0.0495825212683681
2019-02-15,0.0695068401937046
2019-02-16,0.0457650856898029
2019-02-17,0.0524898878205128
2019-02-18,0.0740899115646258
2019-02-19,0.0724029314420803
2019-02-20,0.0736051905920519
2019-02-21,0.0767995545977011
2019-02-22,0.0646953333333333
2019-02-23,0.0678551166290443
2019-02-24,0.070141689291101
2019-02-25,0.0734668201754386
2019-02-26,0.0681470731707317
2019-02-27,0.0651498815165876
2019-02-28,0.0515954887218045
2019-03-01,0.0711141755319148
2019-03-02,0.067685667539267
2019-03-03,0.0576610047846889
2019-03-04,0.0469686018957345
2019-03-05,0.0921350288600288
2019-03-06,0.0886809020436927
2019-03-07,0.0870098431372548
2019-03-08,0.104374465522433
2019-03-09,0.0796053542673107
2019-03-10,0.091649150141643
2019-03-11,0.0487297808012093
2019-03-12,0.0608706666666666
2019-03-13,0.0546234953703703
2019-03-14,0.0590022043010752
2019-03-15,0.0555874824191279
2019-03-16,0.0792217857142857
2019-03-17,0.0674705178416014
2019-03-18,0.0590972671285604
2019-03-19,0.0518428544494721
2019-03-20,0.0596664823008849
2019-03-21,0.0804582078853046
2019-03-22,0.0652923809523809
2019-03-23,0.0502266175266175
2019-03-24,0.0767130009107468
2019-03-25,0.0627069321533923
2019-03-26,0.0662289759887005
2019-03-27,0.0646543530239099
2019-03-28,0.0965896311612364
2019-03-29,0.0486691734417344
2019-03-30,0.0566703952730236
2019-03-31,0.0751358063271604
2019-04-01,0.0782141789473684
2019-04-02,0.0953686867000556
2019-04-03,0.0638455749354005
2019-04-04,0.0837521358543417
2019-04-05,0.083817469492614
2019-04-06,0.0703480620155038
2019-04-07,0.0508749249249249
2019-04-08,0.0504658394607843
2019-04-09,0.0748477945809703
2019-04-10,0.1102840159045725
2019-04-11,0.0560430327321309
2019-04-12,0.0515433737151248
2019-04-13,0.0430588235294117
2019-04-14,0.0426354346264367
2019-04-15,0.0711464699074074
2019-04-16,0.0559035041841004
2019-04-17,0.116025719544846
2019-04-18,0.0797184034736138
2019-04-19,0.0757054689608637
2019-04-20,0.0749279750164365
2019-04-21,0.094323502722323
2019-04-22,0.0811588187702265
2019-04-23,0.095436743119266
2019-04-24,0.0982336673346693
2019-04-25,0.1177309202059202
2019-04-26,0.0819402974983096
2019-04-27,0.0847218749999999
2019-04-28,0.0613236409155937
2019-04-29,0.0991193479585618
2019-04-30,0.1117433974358974
2019-05-01,0.093073682652457
2019-05-02,0.0999687428896473
2019-05-03,0.0862829140461216
2019-05-04,0.0797433859975216
2019-05-05,0.0947212569316081
2019-05-06,0.0938421537651395
2019-05-07,0.1070006373937677
2019-05-08,0.0720193045563549
2019-05-09,0.1017698128235762
2019-05-10,0.091305396427722
2019-05-11,0.1063646635379638
2019-05-12,0.097801721152467
2019-05-13,0.1102812267863703
2019-05-14,0.1282251499906292
2019-05-15,0.1145807610336032
2019-05-16,0.0985238640075022
2019-05-17,0.07405833324903
2019-05-18,0.0927414978845567
2019-05-19,0.1078515216398403
2019-05-20,0.0917682303689545
2019-05-21,0.0800144995395855
2019-05-22,0.1105720455444272
2019-05-23,0.1073156195426838
2019-05-24,0.1112463263915402
2019-05-25,0.0987347205661767
2019-05-26,0.0979816573291361
2019-05-27,0.0982265107056799
2019-05-28,0.1135158542028354
2019-05-29,0.1112032271740003
2019-05-30,0.0885599062014901
2019-05-31,0.0730989421530697
2019-06-01,0.0991928602108814
2019-06-02,0.0765906164152607
2019-06-03,0.0716728333916478
2019-06-04,0.0828776494194515
2019-06-05,0.0776647921208468
2019-06-06,0.1005272751717046
2019-06-07,0.0743514145572648
2019-06-08,0.0923529062733563
2019-06-09,0.0873287013513006
2019-06-10,0.1028610124753162
2019-06-11,0.1010445514753873
2019-06-12,0.0956238922109317
2019-06-13,0.0980054647235067
2019-06-14,0.0959081853870169
2019-06-15,0.1000051047253718
2019-06-16,0.1133375282469896
2019-06-17,0.1128395268779506
2019-06-18,0.1060342621788081
2019-06-19,0.1179495574054625
2019-06-20,0.114918271149084
2019-06-21,0.1161501229517457
2019-06-22,0.1106671632269292
2019-06-23,0.1155566762937384
2019-06-24,0.1253597912276982
2019-06-25,0.1168144288611368
2019-06-26,0.1006079441153785
2019-06-27,0.1045588998004401
2019-06-28,0.115751903909419
2019-06-29,0.1192937800837331
2019-06-30,0.1106314245669322
2019-07-01,0.1117371316041354
2019-07-02,0.0960730784453069
2019-07-03,0.0881195110765961
2019-07-04,0.1115281433618905
2019-07-05,0.1147300912656231
2019-07-06,0.1067476551464016
2019-07-07,0.1037544382808405
2019-07-08,0.0979189037729951
2019-07-09,0.1108196742426201
2019-07-10,0.100644458138871
2019-07-11,0.0891923663138062
2019-07-12,0.0883155977124364
2019-07-13,0.0893851529186143
2019-07-14,0.0806584417295349
2019-07-15,0.0752097900487527
2019-07-16,0.0833920006803079
2019-07-17,0.0838545836385191
2019-07-18,0.086980866172253
2019-07-19,0.0899616750304415
2019-07-20,0.0930666458457769
2019-07-21,0.1149840351397078
2019-07-22,0.1000722379176535
2019-07-23,0.0906871837386923
2019-07-24,0.0950200412338851
2019-07-25,0.1161609516552584
2019-07-26,0.1210826519983527
2019-07-27,0.0920230135808757
2019-07-28,0.086151300097351
2019-07-29,0.0840189610722581
2019-07-30,0.0958925423852959
2019-07-31,0.0787079162339598
2019-08-01,0.084453550742424
2019-08-02,0.1071022565594628
2019-08-03,0.1010290863450128
2019-08-04,0.0948999171970929
2019-08-05,0.0899637726204733
2019-08-06,0.0849320252345335
2019-08-07,0.0836629003358208
2019-08-08,0.0882392993599809
2019-08-09,0.0744568024348994
2019-08-10,0.0801570854326182
2019-08-11,0.0999851090228688
2019-08-12,0.0806414227136355
2019-08-13,0.0774983484595671
2019-08-14,0.0797341979732647
2019-08-15,0.0680745893826901
2019-08-16,0.0802179080650077
2019-08-17,0.0888390939189266
2019-08-18,0.0885755387316279
2019-08-19,0.0910296705645266
2019-08-20,0.0936130485902842
2019-08-21,0.0857072496401914
2019-08-22,0.0863329212887014
2019-08-23,0.0822207245353879
2019-08-24,0.0953584340093732
2019-08-25,0.0949947577817795
2019-08-26,0.0854451648140796
2019-08-27,0.072149766727197
2019-08-28,0.0839752461095347
2019-08-29,0.0833882603054609
2019-08-30,0.0906439271816645
2019-08-31,0.0864060217829007
2019-09-01,0.0763113345992275
2019-09-02,0.0751086320779436
2019-09-03,0.0935427883395606
2019-09-04,0.1024461733454436
2019-09-05,0.1051879476413644
2019-09-06,0.0948326652893256
2019-09-07,0.0934641102742137
2019-09-08,0.0975565870970579
2019-09-09,0.0989336580406824
2019-09-10,0.0980453473170258
2019-09-11,0.0916875342744403
2019-09-12,0.0892893291771019
2019-09-13,0.0924907187224426
2019-09-14,0.0890278002199203
2019-09-15,0.1039323460666403
2019-09-16,0.0940898691951803
2019-09-17,0.0954160555954034
2019-09-18,0.1019005511451539
2019-09-19,0.0897431934661183
2019-09-20,0.095016567411237
2019-09-21,0.095773635965017
2019-09-22,0.0950378127275937
2019-09-23,0.0933701270593803
2019-09-24,0.0741569242628029
2019-09-25,0.0583570149728459
2019-09-26,0.0708034042656171
2019-09-27,0.0749853353507649
2019-09-28,0.1001477858551379
2019-09-29,0.0878239219572542
2019-09-30,0.0815904519394597
2019-10-01,0.0785038127444862
2019-10-02,0.0770457712338829
2019-10-03,0.0848868170870408
2019-10-04,0.0799781461652964
2019-10-05,0.0916360887012316
2019-10-06,0.0823393600277241
2019-10-07,0.0918399259333228
2019-10-08,0.1023736449490227
2019-10-09,0.1033155443860678
2019-10-10,0.0865506029899753
2019-10-11,0.080079561014287
2019-10-12,0.0991470121042218
2019-10-13,0.1021201738041641
2019-10-14,0.1062886832094851
2019-10-15,0.0969362481680722
2019-10-16,0.0913989636459567
2019-10-17,0.0787471078349463
2019-10-18,0.0763286023523573
2019-10-19,0.0847254263203776
2019-10-20,0.0919577292726464
2019-10-21,0.078180943560565
2019-10-22,0.0977445505580176
2019-10-23,0.0687939448321701
2019-10-24,0.0855847816191468
2019-10-25,0.0803009539629751
2019-10-26,0.0940480048703339
2019-10-27,0.113736299379322
2019-10-28,0.0985530085382123
2019-10-29,0.1111752723179546
2019-10-30,0.0995694703123828
2019-10-31,0.1129584941968268
2019-11-01,0.0950740529107565
2019-11-02,0.1016631360520657
2019-11-03,0.0823581118375464
2019-11-04,0.084681602495123
2019-11-05,0.107001797838074
2019-11-06,0.1046759727050915
2019-11-07,0.1092489423640611
2019-11-08,0.0899106197216498
2019-11-09,0.0950607383414603
2019-11-10,0.0910503239905619
2019-11-11,0.0920294668262018
2019-11-12,0.083374648969981
2019-11-13,0.0810231799621663
2019-11-14,0.0898508160213638
2019-11-15,0.0849166196252072
2019-11-16,0.0841963641257979
2019-11-17,0.0714674325580539
2019-11-18,0.0849165970007897
2019-11-19,0.0896329951827809
2019-11-20,0.0892655449925132
2019-11-21,0.0792389141835739
2019-11-22,0.0616459911646362
2019-11-23,0.0791052833105519
2021-01-01,0.1494416824468847
2021-01-02,0.1094258425782566
2021-01-03,0.1374748754907251
2021-01-04,0.1195070798740886
2021-01-05,0.1235903496829016
2021-01-06,0.1143388533847195
2021-01-07,0.1127930812621692
2021-01-08,0.1178503131371243
2021-01-09,0.1244262630715212
2021-01-10,0.1199759802995454
2021-01-11,0.0529130233551453
2021-01-12,0.08270461498158
2021-01-13,0.0904781138346326
2021-01-14,0.0930173306253847
2021-01-15,0.1027182120253473
2021-01-16,0.1001532602259019
2021-01-17,0.0888201672326954
2021-01-18,0.1026179816077777
2021-01-19,0.1644153271590326
2021-01-20,0.0903193877341457
2021-01-21,0.0700365084115772
2021-01-22,0.0777869687937284
2021-01-23,0.0890162494987842
2021-01-24,0.0944395269134184
2021-01-25,0.1221012571868759
2021-01-26,0.1066434047446812
2021-01-27,0.1053507362629753
2021-01-28,0.0800347509225448
2021-01-29,0.1007016779082858
2021-01-30,0.1069877059864175
2021-01-31,0.1060534151908292
2021-02-01,0.1418919698315403
2021-02-02,0.1335264006129362
2021-02-03,0.1334323356204702
2021-02-04,0.1359316644343245
2021-02-05,0.0684093790371758
2021-02-06,0.1086776430691497
2021-02-07,0.1199192532234633
2021-02-08,0.1358459199018366
2021-02-09,0.1288184803791671
2021-02-10,0.1150271596644371
2021-02-11,0.1239617024037276
2021-02-12,0.1386760912975524
2021-02-13,0.1329526479760247
2021-02-14,0.1297017345768672
2021-02-15,0.1244289085771539
2021-02-16,0.1223914308562805
2021-02-17,0.1186164243962995
2021-02-18,0.120584700389912
2021-02-19,0.1272952704015203
2021-02-20,0.141158033682938
2021-02-21,0.1281429084976561
2021-02-22,0.1038127943983573
2021-02-23,0.0859458460589444
2021-02-24,0.1142585616886317
2021-02-25,0.1163311484711107
2021-02-26,0.1049077693134006
2021-02-27,0.119415015537058
2021-02-28,0.1089276711683362
2021-03-01,0.1245651929823638
2021-03-02,0.1352682890235431
2021-03-03,0.1306983600347739
2021-03-04,0.1202847664486475
2021-03-05,0.1131459434716107
2021-03-06,0.1165163067905058
2021-03-07,0.1265060997358855
2021-03-08,0.1350058338059063
2021-03-09,0.1299655233002459
2021-03-10,0.1166438195667594
2021-03-11,0.1268808886852581
2021-03-12,0.1249182636898613
2021-03-13,0.112431082487108
2021-03-14,0.1205212361465554
2021-03-15,0.0978555798610689
2021-03-16,0.1108879013642976
2021-03-17,0.1354171451774966
2021-03-18,0.1326682210502696
2021-03-19,0.136199786785532
2021-03-20,0.1166057598974739
2021-03-21,0.1082521794953249
2021-03-22,0.114017418375228
2021-03-23,0.1266604223980082
2021-03-24,0.1365574699752292
2021-03-25,0.1114123738192118
2021-03-26,0.1640319613278677
2021-03-27,0.1991197903648051
2021-03-28,0.1523533851327602
2021-03-29,0.2139034186900914
2021-03-30,0.1924830824724845
2021-03-31,0.1695224572286193
2021-04-01,0.1364907581436605
2021-04-02,0.144634772079519
2021-04-03,0.1316886159969003
2021-04-04,0.1518424253998226
2021-04-05,0.1516680235008957
2021-04-06,0.1398633944128421
2021-04-07,0.1155331218865995
2021-04-08,0.1079538085854213
2021-04-09,0.120918421211452
2021-04-10,0.1201098862160885
2021-04-11,0.139026583871059
2021-04-12,0.1340612235633889
2021-04-13,0.1255776219728822
2021-04-14,0.1283842697438959
2021-04-15,0.1205644462655823
2021-04-16,0.1096320668785184
2021-04-17,0.1242534065576332
2021-04-18,0.0706667888215021
2021-04-19,0.0941617007566654
2021-04-20,0.1256587775852484
2021-04-21,0.120665321416544
2021-04-22,0.1126430214223635
2021-04-23,0.0843088679401528
2021-04-24,0.098620375660029
2021-04-25,0.1056291032002599
2021-04-26,0.1259757127386426
2021-04-27,0.1492186492188101
2021-04-28,0.1222873010697932
2021-04-29,0.115049889121403
2021-04-30,0.1320046888695518
2021-05-01,0.1269795771035195
2021-05-02,0.1341700398107747
2021-05-03,0.149699382327454
2021-05-04,0.1318684417584021
2021-05-05,0.1529101497719521
2021-05-06,0.1373172538883806
2021-05-07,0.1358040789785693
2021-05-08,0.1295415743119438
2021-05-09,0.1293449355028401
2021-05-10,0.1272796673385591
2021-05-11,0.1216398932249322
2021-05-12,0.1084287953055933
2021-05-13,0.0825170489191675
2021-05-14,0.0979813810376582
2021-05-15,0.0998538733541223
2021-05-16,0.0794358632469499
2021-05-17,0.0759123523839572
2021-05-18,0.1026146999132729
2021-05-19,0.0608511525163966
2021-05-20,0.0846855242626218
2021-05-21,0.0990317547209739
2021-05-22,0.1170746282500802
2021-05-23,0.0909112807021495
2021-05-24,0.102304658016688
2021-05-25,0.1125000784922746
2021-05-26,0.0965772696177578
2021-05-27,0.1147653132675485
2021-05-28,0.0808759854873504
2021-05-29,0.0889864718179924
2021-05-30,0.1003003082842633
2021-05-31,0.1101075853909131
2021-06-01,0.1274630228842578
2021-06-02,0.1201544490654429
2021-06-03,0.1100097484883571
2021-06-04,0.0584114551978388
2021-06-05,0.088322296264516
2021-06-06,0.1138974712930902
2021-06-07,0.0809775231965414
2021-06-08,0.0628070832228506
2021-06-09,0.1446335366295938
2021-06-10,0.0964641686787829
2021-06-11,0.1018709775628036
2021-06-12,0.1283502723969252
2021-06-13,0.1463251046210454
2021-06-14,0.1241224263081618
2021-06-15,0.1342741752279101
2021-06-16,0.120440127146807
2021-06-17,0.1238121666693808
2021-06-18,0.1145420113158076
2021-06-19,0.1027832216168151
2021-06-20,0.0944132045816415
2021-06-21,0.0551567641392279
2021-06-22,0.0637011416150341
2021-06-23,0.0793429340727936
2021-06-24,0.0994536195227952
2021-06-25,0.096949672121364
2021-06-26,0.0859252800390752
2021-06-27,0.1020695762273901
2021-06-28,0.1156055557370355
2021-06-29,0.1172631054545741
2021-06-30,0.1125199476201321
2021-07-01,0.1177993153554696
2021-07-02,0.1051214635639926
2021-07-03,0.0829393574613165
2021-07-04,0.1095062378453693
2021-07-05,0.0893710446139988
2021-07-06,0.0865508056685754
2021-07-07,0.1188612408246689
2021-07-08,0.1091957619539648
2021-07-09,0.112433439295095
2021-07-10,0.0931842114913031
2021-07-11,0.1118668572062646
2021-07-12,0.198085900063929
2021-07-13,0.1775755738989362
2021-07-14,0.118056519188147
2021-07-15,0.0925946651145635
2021-07-16,0.1015973048570906
2021-07-17,0.0939880502939255
2021-07-18,0.0797122993393575
2021-07-19,0.0817638449727923
2021-07-20,0.0663783602003643
2021-07-21,0.1171743425829132
2021-07-22,0.1285029709763561
2021-07-23,0.1115825640936324
2021-07-24,0.1090183581244947
2021-07-25,0.1266603424256078
2021-07-26,0.1245495179353536
2021-07-27,0.1107565889598309
2021-07-28,0.1110541737773502
2021-07-29,0.118716000349406
2021-07-30,0.1144235953177257
2021-07-31,0.1206607863475154
2021-08-01,0.1127452979561678
2021-08-02,0.1055574753161117
2021-08-03,0.1107931962267513
2021-08-04,0.1002153388256252
2021-08-05,0.117162070967004
2021-08-06,0.112841155041068
2021-08-07,0.1278252548614176
2021-08-08,0.0983474395266395
2021-08-09,0.1034714296309659
2021-08-10,0.1290411740995044
2021-08-11,0.1379013302485029
2021-08-12,0.1375065892079751
2021-08-13,0.1173815369308023
2021-08-14,0.1047641637407277
2021-08-15,0.1127872097231874
2021-08-16,0.1250964660790598
2021-08-17,0.1134381977521025
2021-08-18,0.1035191781727768
2021-08-19,0.1081131824569188
2021-08-20,0.1300624604421373
2021-08-21,0.1204855524525599
2021-08-22,0.1252487133086954
2021-08-23,0.1216913537859972
2021-08-24,0.1074560251401195
2021-08-25,0.1048565729339605
2021-08-26,0.1219873484346224
2021-08-27,0.122773201359624
2021-08-28,0.1146948151295346
2021-08-29,0.1183147879463507
2021-08-30,0.1335684362518337
2021-08-31,0.1116391218482504
2021-09-01,0.1133539482410641
2021-09-02,0.1308960349185915
2021-09-03,0.1231461469178538
2021-09-04,0.1129506873037774
2021-09-05,0.1121781434044572
2021-09-06,0.1295910690081755
2021-09-07,0.1102076827170017
2021-09-08,0.0872639235236924
2021-09-09,0.1000834457345812
2021-09-10,0.1019853299109442
2021-09-11,0.105001213856161
2021-09-12,0.1251180302408749
2021-09-13,0.1051619512438264
2021-09-14,0.1110061870403074
2021-09-15,0.1162655517562619
2021-09-16,0.1179250386967663
2021-09-17,0.11632053646803
2021-09-18,0.1256838131158125
2021-09-19,0.1171051196326383
2021-09-20,0.0769587102232613
2021-09-21,0.0921356252255954
2021-09-22,0.1073823059449241
2021-09-23,0.1177510090655769
2021-09-24,0.0359188235472088
2021-09-25,0.0669380761835382
2021-09-26,0.1092434408665534
2021-09-27,0.1265524186548112
2021-09-28,0.1071789815834659
2021-09-29,0.1213765140173938
2021-09-30,0.1116174145485198
2021-10-01,0.1179423416374596
2021-10-02,0.124477786610849
2021-10-03,0.1198455004409742
2021-10-04,0.1057837165047011
2021-10-05,0.1114208031987313
2021-10-06,0.1195079296065674
2021-10-07,0.1194629096841766
2021-10-08,0.1284735812316058
2021-10-09,0.125891085905439
2021-10-10,0.1271944780074773
2021-10-11,0.1190235675543406
2021-10-12,0.1171093018882664
2021-10-13,0.1086273052826925
2021-10-14,0.1173858538099859
2021-10-15,0.1360360489189655
2021-10-16,0.1462600955841497
2021-10-17,0.1327897299995233
2021-10-18,0.1201437318775782
2021-10-19,0.1061862360656179
2021-10-20,0.1255308177970837
2021-10-21,0.1191673970187114
2021-10-22,0.1041926264292572
2021-10-23,0.1107694863330921
2021-10-24,0.1385215259899369
2021-10-25,0.1419180672154061
2021-10-26,0.1566389189256203
2021-10-27,0.1076684422655942
2021-10-28,0.1075026281681776
2021-10-29,0.123370196096927
2021-10-30,0.1236366809490532
2021-10-31,0.1390343491814545
2021-11-01,0.1353363151574026
2021-11-02,0.1343745887265109
2021-11-03,0.1338891767874891
2021-11-04,0.1232019039235412
2021-11-05,0.1130741395152257
2021-11-06,0.1268911547281802
2021-11-07,0.1311537316968131
2021-11-08,0.130514037051362
2021-11-09,0.1270246135443176
2021-11-10,0.1105152816249376
2021-11-11,0.1095001387379096
2021-11-12,0.0930608727368144
2021-11-13,0.092846817189742
2021-11-14,0.1105239782967083
2021-11-15,0.1219293279850266
2021-11-16,0.0921406283232253
2021-11-17,0.1028640310031835
2021-11-18,0.1029032043696693
2021-11-19,0.087608263121624
2021-11-20,0.098817803467893
2021-11-21,0.1124484362152774
2021-11-22,0.1075468086535198
2021-11-23,0.1050316543724308
2021-11-24,0.0998131647712691
2021-11-25,0.1200341845958352
2021-11-26,0.0889688597817398
2021-11-27,0.0883422081900823
2021-11-28,0.0925748639270825
2021-11-29,0.104669854704297
2021-11-30,0.1054176892177977
2021-12-01,0.1042692548717684
2021-12-02,0.1001299801792968
2021-12-03,0.0960594883902362
2021-12-04,0.0653778509341095
2021-12-05,0.0810547187718749
2021-12-06,0.0877799541943471
2021-12-07,0.0910432736105713
2021-12-08,0.093691595230063
2021-12-09,0.0879847485037514
2021-12-10,0.0811631860943592
2021-12-11,0.0721423821008311
2021-12-12,0.0645077886665213
2021-12-13,0.0709839209321669
2021-12-14,0.0854565742080952
2021-12-15,0.0934106202440417
2021-12-16,0.1080208660829409
2021-12-17,0.0958926086487703
2021-12-18,0.0831743219522461
2021-12-19,0.0920071669849027
2021-12-20,0.0916392731375324
2021-12-21,0.1123576738966928
2021-12-22,0.1067728808377069
2021-12-23,0.1149317847493158
2021-12-24,0.1234686196254175
2021-12-25,0.1306068087356622
2021-12-26,0.1064717387836551
2021-12-27,0.1063436087057337
2021-12-28,0.0802677812221749
2021-12-29,0.0948266581386878
2021-12-30,0.0962136715730111
2021-12-31,0.126598740219807
2022-01-01,0.1273093159264578
2022-01-02,0.0949699391760208
2022-01-03,0.1317497699753467
2022-01-04,0.1189544503009034
2022-01-05,0.0900117498434767
2022-01-06,0.0655074693987645
2022-01-07,0.0620885201136807
2022-01-08,0.0572398604673293
2022-01-09,0.0732331574309398
2022-01-10,0.0751701214811837
2022-01-11,0.087981035648151
2022-01-12,0.0978488294657751
2022-01-13,0.100753246479164
2022-01-14,0.0990702599872645
2022-01-15,0.1096554110669768
2022-01-16,0.1027842211963763
2022-01-17,0.0998432381787276
2022-01-18,0.1105714934947559
2022-01-19,0.1004988215465927
2022-01-20,0.0798743821793381
2022-01-21,0.0392815323051274
2022-01-22,0.0508672181352102
2022-01-23,0.0628743815695559
2022-01-24,0.0563497604265326
2022-01-25,0.0757709411612887
2022-01-26,0.0813928240338319
2022-01-27,0.0775752984202043
2022-01-28,0.0931628697585216
2022-01-29,0.1008103982790396
2022-01-30,0.0931654545829245
2022-01-31,0.0787174874213746
2022-02-01,0.0980167174212424
2022-02-02,0.0826597031629816
2022-02-03,0.085831652278382
2022-02-04,0.1038520378325363
2022-02-05,0.1000018753474152
2022-02-06,0.0898097362905207
2022-02-07,0.1125707206916886
2022-02-08,0.0825390208555023
2022-02-09,0.0700030352783771
2022-02-10,0.0781198826498008
2022-02-11,0.0811462747423164
2022-02-12,0.0744790895133702
2022-02-13,0.0751057649255961
2022-02-14,0.0963358334142621
2022-02-15,0.0784844577330612
2022-02-16,0.0771405005937187
2022-02-17,0.0656344891805253
2022-02-18,0.0622967976098036
2022-02-19,0.079592670323085
2022-02-20,0.065807353069037
2022-02-21,0.0720906289804598
2022-02-22,0.0522843781729844
2022-02-23,0.0767496597128744
2022-02-24,0.0135218828479441
2022-02-25,0.0607768115782522
2022-02-26,0.0500638967915117
2022-02-27,0.035910398678927
2022-02-28,0.0593748862009163
2022-03-01,0.0752473330225664
2022-03-02,0.0742656743568216
2022-03-03,0.0769666087717859
2022-03-04,0.0655930749198001
2022-03-05,0.0669824123758282
2022-03-06,0.0642861379499074
2022-03-07,0.0694793842556161
2022-03-08,0.0711476874490846
2022-03-09,0.1002229944362132
2022-03-10,0.0875012092461565
2022-03-11,0.0787270743482249
2022-03-12,0.0636111612686017
2022-03-13,0.0715510318101524
2022-03-14,0.053059085251182
2022-03-15,0.0735651444845609
2022-03-16,0.0877192414085563
2022-03-17,0.0910419264035264
2022-03-18,0.084646579084005
2022-03-19,0.1018178697233111
2022-03-20,0.0824401924115177
2022-03-21,0.0964041059182183
2022-03-22,0.0941615360280239
2022-03-23,0.0909470856841521
2022-03-24,0.1096438492448621
2022-03-25,0.1059505194043749
2022-03-26,0.0873294523522774
2022-03-27,0.0940479027763575
2022-03-28,0.0931580896374434
2022-03-29,0.0879493348743858
2022-03-30,0.0797325975585034
2022-03-31,0.0802309362405068
2022-04-01,0.0823564517109047
2022-04-02,0.0779711822369771
2022-04-03,0.0894369555979189
2022-04-04,0.0986137444369081
2022-04-05,0.101903483849616
2022-04-06,0.0895940340488981
2022-04-07,0.1076700532362606
2022-04-08,0.0991847193915011
2022-04-09,0.0890901192845921
2022-04-10,0.0902309284257945
2022-04-11,0.0747471529486909
2022-04-12,0.0691570806758347
2022-04-13,0.0858585466586813
2022-04-14,0.0896801209919985
2022-04-15,0.0850989947866674
2022-04-16,0.0920825043023335
2022-04-17,0.0802445661633355
2022-04-18,0.0606681242571735
2022-04-19,0.0924471259842519
2022-04-20,0.0809072687917126
2022-04-21,0.090911278993178
2022-04-22,0.0723624523324416
2022-04-23,0.0728801712249525
2022-04-24,0.0753701697542756
2022-04-25,0.0787945188295615
2022-04-26,0.0947750874566269
2022-04-27,0.0904555911740403
2022-04-28,0.0905268648472888
2022-04-29,0.084625527354509
2022-04-30,0.0637131894102013
2022-05-01,0.0662518344009889
2022-05-02,0.0791346133950571
2022-05-03,0.0833885575386244
2022-05-04,0.0863204962239072
2022-05-05,0.078928732718188
2022-05-06,0.0682309013238883
2022-05-07,0.0804436830838704
2022-05-08,0.0596602751790268
2022-05-09,0.0430185103735038
2022-05-10,0.0405640873602513
2022-05-11,0.0463819531635091
2022-05-12,0.0458231820415997
2022-05-13,0.0609492889939078
2022-05-14,0.0734472800628026
2022-05-15,0.0772450939731819
2022-05-16,0.0619288844011421
2022-05-17,0.0745826305435305
2022-05-18,0.0722267718041261
2022-05-19,0.0715532391959162
2022-05-20,0.0753144702837093
2022-05-21,0.087104495111
2022-05-22,0.148555672627423
2022-05-23,0.0935482853038456
2022-05-24,0.0852590505015706
2022-05-25,0.083334426013514
2022-05-26,0.0747783845108488
2022-05-27,0.0737851711880543
2022-05-28,0.0714744718311839
2022-05-29,0.0722267529984562
2022-05-30,0.088772051163453
2022-05-31,0.0896494463045055
2022-06-01,0.085164774724429
2022-06-02,0.0920129762533316
2022-06-03,0.0677253914413443
2022-06-04,0.0818544226374068
2022-06-05,0.081973172111154
2022-06-06,0.0760105825386571
2022-06-07,0.0638840350656602
2022-06-08,0.0857868675557211
2022-06-09,0.0846593064377056
2022-06-10,0.0672983393326818
2022-06-11,0.071763559134215
2022-06-12,0.062611895882793
2022-06-13,0.0237766716921365
2022-06-14,0.0363152117810502
2022-06-15,0.0515719195733691
2022-06-16,0.0581852961727262
2022-06-17,0.0590778045523951
2022-06-18,0.038223860114078
2022-06-19,0.0634879353317654
2022-06-20,0.0559916030707101
2022-06-21,0.0690738825547333
2022-06-22,0.06815720677221
2022-06-23,0.0725471555818433
2022-06-24,0.073960332239471
2022-06-25,0.0667770392616173
2022-06-26,0.0770840136124692
2022-06-27,0.0733014075344487
2022-06-28,0.070572609736632
2022-06-29,0.0629897423806024
2022-06-30,0.0280366208999306
2022-11-30,0.0946215716854284
